Date,Open,High,Low,Close,Volume,Adj. Close*
11-May-05,19.20,19.20,18.30,18.60,41200,18.60
10-May-05,19.45,19.45,18.91,19.09,13000,19.09
9-May-05,19.20,19.43,19.00,19.43,15200,19.43
6-May-05,19.10,19.35,19.10,19.20,9900,19.20
5-May-05,18.99,19.30,18.99,19.25,5400,19.25
4-May-05,19.20,19.20,18.80,19.15,3500,19.15
3-May-05,19.05,19.25,19.00,19.18,6200,19.18
2-May-05,19.05,19.25,18.90,18.90,8300,18.90
29-Apr-05,18.85,19.00,18.55,18.90,6700,18.90
28-Apr-05,19.00,19.00,18.75,18.75,5300,18.75
27-Apr-05,18.55,19.00,18.34,18.75,11800,18.75
26-Apr-05,19.00,19.08,18.51,18.60,6500,18.60
25-Apr-05,18.75,18.95,18.75,18.95,7600,18.95
22-Apr-05,19.20,19.40,18.75,18.75,9800,18.75
21-Apr-05,18.90,19.40,18.88,18.95,14300,18.95
20-Apr-05,18.80,19.15,18.80,19.00,9800,19.00
19-Apr-05,19.25,19.25,18.75,18.75,17400,18.75
18-Apr-05,19.05,19.35,18.90,19.25,19100,19.25
15-Apr-05,19.20,19.24,18.52,19.15,17600,19.15
14-Apr-05,18.95,19.35,18.90,19.35,4400,19.35
13-Apr-05,19.10,19.25,18.81,19.05,21700,19.05
12-Apr-05,20.00,20.05,19.85,19.97,37500,19.48
11-Apr-05,19.70,20.00,19.55,20.00,12900,19.51
8-Apr-05,20.00,20.00,19.01,19.57,9600,19.09
7-Apr-05,19.40,20.00,19.25,20.00,20300,19.51
6-Apr-05,18.90,19.34,18.90,19.30,13500,18.82
5-Apr-05,18.76,19.15,18.70,18.90,20100,18.43
4-Apr-05,19.00,19.18,18.70,18.85,16300,18.39
1-Apr-05,19.05,19.30,18.90,19.10,11500,18.63
31-Mar-05,19.65,19.90,19.15,19.18,26200,18.71
30-Mar-05,19.75,20.45,19.62,19.79,40900,19.30
29-Mar-05,19.00,19.75,18.90,19.65,17200,19.17
28-Mar-05,19.15,19.15,18.61,19.15,12300,18.68
24-Mar-05,18.75,19.30,18.50,19.28,13600,18.80
23-Mar-05,18.55,18.75,18.41,18.74,29100,18.28
22-Mar-05,18.59,18.75,18.49,18.49,11900,18.03
21-Mar-05,18.74,18.74,18.35,18.50,13000,18.04
18-Mar-05,18.50,18.74,18.50,18.65,11200,18.19
17-Mar-05,18.90,18.95,18.35,18.50,27200,18.04
16-Mar-05,19.60,19.75,18.75,19.00,21900,18.53
15-Mar-05,19.33,19.50,19.31,19.50,7000,19.02
14-Mar-05,19.70,19.70,19.31,19.48,10800,19.00
11-Mar-05,19.41,19.55,19.30,19.55,8400,19.07
10-Mar-05,19.31,19.45,19.25,19.35,19200,18.87
9-Mar-05,19.66,19.75,19.30,19.30,21400,18.82
8-Mar-05,19.41,19.80,19.22,19.76,16000,19.27
7-Mar-05,19.69,19.70,19.20,19.45,15400,18.97
4-Mar-05,19.50,19.80,19.40,19.75,22500,19.26
3-Mar-05,19.60,19.60,19.00,19.59,21600,19.11
2-Mar-05,19.01,19.76,19.00,19.76,28700,19.27
1-Mar-05,18.68,19.07,18.60,19.07,24900,18.60
28-Feb-05,19.04,19.05,18.65,18.65,10300,18.19
25-Feb-05,19.04,19.04,18.85,18.95,12900,18.48
24-Feb-05,18.95,18.95,18.60,18.95,4900,18.48
23-Feb-05,18.90,19.05,18.70,19.05,9400,18.58
22-Feb-05,18.86,19.04,18.60,18.99,13200,18.52
18-Feb-05,18.95,18.95,18.76,18.90,13100,18.43
17-Feb-05,19.10,19.10,19.00,19.01,18400,18.54
16-Feb-05,18.45,19.16,18.45,19.10,19900,18.63
15-Feb-05,18.59,18.70,18.40,18.60,8300,18.14
14-Feb-05,18.25,18.64,18.10,18.62,10800,18.16
11-Feb-05,18.40,18.50,18.25,18.25,8700,17.80
10-Feb-05,18.40,18.45,18.27,18.30,5100,17.85
9-Feb-05,18.40,18.45,18.40,18.45,3400,18.00
8-Feb-05,18.63,18.75,18.31,18.50,15300,18.04
7-Feb-05,18.70,19.10,18.60,18.80,13100,18.34
4-Feb-05,18.50,18.85,18.39,18.75,16000,18.29
3-Feb-05,17.90,18.65,17.86,18.50,26700,18.04
2-Feb-05,18.09,18.20,17.90,18.00,9300,17.56
1-Feb-05,17.96,18.14,17.85,18.00,11100,17.56
31-Jan-05,18.07,18.34,17.85,17.97,12600,17.53
28-Jan-05,18.10,18.25,17.81,18.00,12500,17.56
27-Jan-05,18.25,18.35,17.75,18.35,15600,17.90
26-Jan-05,18.00,18.25,17.80,18.25,17400,17.80
25-Jan-05,16.68,18.19,16.68,18.19,29300,17.74
24-Jan-05,17.00,17.00,16.55,16.60,10600,16.19
21-Jan-05,17.55,17.75,17.00,17.00,18700,16.58
20-Jan-05,17.63,17.88,17.60,17.75,7600,17.31
19-Jan-05,17.50,17.75,17.25,17.75,13800,17.31
18-Jan-05,17.55,17.69,17.42,17.50,7900,17.07
14-Jan-05,17.70,17.70,17.57,17.60,3200,17.17
13-Jan-05,17.85,17.95,17.65,17.65,13900,17.22
12-Jan-05,18.30,18.30,17.66,18.10,17900,17.65
11-Jan-05,18.49,18.75,18.23,18.70,21300,17.76
10-Jan-05,18.31,18.45,18.10,18.39,17000,17.46
7-Jan-05,18.35,18.59,18.30,18.44,19300,17.51
6-Jan-05,18.45,18.45,18.18,18.30,29900,17.38
5-Jan-05,18.85,18.85,18.26,18.29,23100,17.37
4-Jan-05,19.16,19.16,18.73,18.73,13700,17.79
3-Jan-05,18.83,19.10,18.74,19.00,23600,18.04
31-Dec-04,18.50,18.96,18.50,18.83,16500,17.88
30-Dec-04,18.70,18.85,18.62,18.84,10500,17.89
29-Dec-04,18.40,18.78,18.25,18.75,23500,17.81
28-Dec-04,18.33,18.45,18.30,18.40,13500,17.47
27-Dec-04,18.19,18.49,18.19,18.45,26100,17.52
23-Dec-04,18.14,18.24,17.86,18.19,23200,17.27
22-Dec-04,18.15,18.25,18.10,18.10,19400,17.19
21-Dec-04,18.21,18.22,17.95,18.00,11300,17.09
20-Dec-04,17.91,18.42,17.88,18.22,20900,17.30
17-Dec-04,18.25,18.25,17.92,18.10,5500,17.19
16-Dec-04,18.05,18.25,17.92,18.25,8700,17.33
15-Dec-04,17.80,18.25,17.52,17.95,19100,17.05
14-Dec-04,18.15,18.20,17.82,18.05,17900,17.14
13-Dec-04,18.25,18.32,18.00,18.20,14500,17.28
10-Dec-04,17.62,18.10,17.52,18.00,10800,17.09
9-Dec-04,17.68,17.89,17.55,17.61,9100,16.72
8-Dec-04,17.36,17.82,17.36,17.68,21100,16.79
7-Dec-04,17.79,17.90,17.61,17.61,12500,16.72
6-Dec-04,18.03,18.03,17.65,17.94,15800,17.04
3-Dec-04,18.03,18.20,17.74,18.18,17400,17.26
2-Dec-04,17.85,18.15,17.70,18.04,38400,17.13
1-Dec-04,17.75,18.05,17.50,17.85,25900,16.95
30-Nov-04,17.90,18.23,17.35,17.90,29900,17.00
29-Nov-04,17.56,18.20,17.35,18.00,15600,17.09
26-Nov-04,17.80,17.80,17.36,17.56,7900,16.68
24-Nov-04,17.26,17.85,17.11,17.84,15300,16.94
23-Nov-04,17.45,17.65,17.16,17.16,20700,16.30
22-Nov-04,18.00,18.00,17.20,17.20,15700,16.33
19-Nov-04,17.80,18.19,17.80,17.95,10200,17.05
18-Nov-04,18.20,18.25,17.78,17.95,20300,17.05
17-Nov-04,18.00,18.00,17.70,17.95,10200,17.05
16-Nov-04,17.79,18.00,17.60,17.95,13100,17.05
15-Nov-04,17.61,17.80,17.52,17.70,18100,16.81
12-Nov-04,17.00,17.49,16.94,17.46,18800,16.58
11-Nov-04,17.35,17.35,16.90,17.11,19100,16.25
10-Nov-04,17.30,17.30,16.90,17.00,8200,16.14
9-Nov-04,17.15,17.35,16.85,17.11,16900,16.25
8-Nov-04,16.73,17.20,16.63,17.05,20800,16.19
5-Nov-04,16.40,16.89,16.39,16.69,28300,15.85
4-Nov-04,15.60,16.60,15.56,16.40,27800,15.57
3-Nov-04,15.74,16.00,15.50,15.70,17800,14.91
2-Nov-04,15.94,16.22,15.59,15.59,25100,14.81
1-Nov-04,15.67,15.85,15.67,15.79,10000,14.99
29-Oct-04,15.71,15.95,15.50,15.70,11400,14.91
28-Oct-04,15.35,15.74,15.35,15.61,12400,14.82
27-Oct-04,15.20,15.56,15.10,15.10,25200,14.34
26-Oct-04,14.35,15.20,14.35,15.15,23600,14.39
25-Oct-04,13.85,14.40,13.76,14.35,33200,13.63
22-Oct-04,14.30,14.40,13.85,13.95,65000,13.25
21-Oct-04,14.60,14.99,14.01,14.40,44300,13.67
20-Oct-04,15.25,15.25,14.25,14.50,44000,13.77
19-Oct-04,15.40,16.25,15.20,15.25,28200,14.48
18-Oct-04,15.91,15.91,15.00,15.15,46200,14.39
15-Oct-04,16.70,16.85,15.90,15.90,27300,15.10
14-Oct-04,16.65,16.90,16.45,16.75,16100,15.91
13-Oct-04,16.40,16.71,16.40,16.51,9400,15.68
12-Oct-04,17.06,17.06,16.80,17.01,18700,15.69
11-Oct-04,16.80,17.10,16.75,17.06,15900,15.73
8-Oct-04,16.81,17.00,16.81,16.96,14600,15.64
7-Oct-04,17.15,17.20,16.81,16.81,22100,15.50
6-Oct-04,16.82,17.10,16.82,17.10,10000,15.77
5-Oct-04,16.56,16.90,16.56,16.81,18400,15.50
4-Oct-04,16.45,16.80,16.45,16.55,14100,15.26
1-Oct-04,16.05,16.35,15.90,16.35,6300,15.08
30-Sep-04,16.66,16.70,15.75,15.95,22400,14.71
29-Sep-04,16.30,16.85,16.10,16.66,22100,15.36
28-Sep-04,15.37,16.35,15.25,16.20,42500,14.94
27-Sep-04,16.15,16.15,15.05,15.55,47400,14.34
24-Sep-04,16.92,16.92,15.70,16.15,39600,14.89
23-Sep-04,17.30,17.49,17.01,17.01,17200,15.69
22-Sep-04,17.36,17.52,16.90,17.30,14100,15.95
21-Sep-04,17.06,17.35,16.92,17.26,14200,15.92
20-Sep-04,17.60,17.95,16.90,17.05,21000,15.72
17-Sep-04,17.90,18.05,17.65,17.65,5700,16.28
16-Sep-04,17.85,17.90,17.55,17.82,6800,16.43
15-Sep-04,17.65,17.78,17.32,17.70,13600,16.32
14-Sep-04,17.86,17.90,17.55,17.55,8900,16.18
13-Sep-04,18.05,18.05,17.55,17.75,16500,16.37
10-Sep-04,18.24,18.65,17.65,18.10,35500,16.69
9-Sep-04,18.25,18.34,18.08,18.08,5000,16.67
8-Sep-04,18.05,18.29,18.00,18.28,9200,16.86
7-Sep-04,18.19,18.31,18.05,18.05,3700,16.64
3-Sep-04,18.26,18.26,17.90,18.04,2400,16.64
2-Sep-04,17.81,18.10,17.80,18.10,7300,16.69
1-Sep-04,18.15,18.30,17.72,17.95,11900,16.55
31-Aug-04,18.20,18.30,18.00,18.15,6800,16.74
30-Aug-04,17.75,18.10,17.60,18.10,10800,16.69
27-Aug-04,17.80,17.80,17.21,17.75,14200,16.37
26-Aug-04,17.59,17.95,17.20,17.95,10500,16.55
25-Aug-04,17.50,17.69,17.30,17.55,13200,16.18
24-Aug-04,17.25,17.50,16.82,17.40,18100,16.04
23-Aug-04,17.00,17.50,16.68,17.50,24700,16.14
20-Aug-04,17.05,17.30,16.85,17.30,8900,15.95
19-Aug-04,17.35,17.65,16.70,16.90,24700,15.58
18-Aug-04,16.85,17.37,16.69,17.37,19700,16.02
17-Aug-04,16.45,16.83,16.44,16.82,15400,15.51
16-Aug-04,15.93,16.45,15.93,16.32,8700,15.05
13-Aug-04,16.54,16.54,15.93,15.93,12700,14.69
12-Aug-04,16.25,16.55,15.90,16.40,33800,15.12
11-Aug-04,15.06,16.30,15.05,16.15,37500,14.89
10-Aug-04,15.55,15.70,13.77,15.00,58300,13.83
9-Aug-04,16.90,16.90,15.50,15.55,36000,14.34
6-Aug-04,17.18,17.28,16.80,17.00,8300,15.68
5-Aug-04,17.34,17.55,16.75,17.00,15500,15.68
4-Aug-04,17.65,17.65,17.22,17.34,8900,15.99
3-Aug-04,17.55,17.80,17.40,17.40,8600,16.04
2-Aug-04,17.40,17.40,17.19,17.40,2800,16.04
30-Jul-04,17.54,17.54,17.10,17.45,8900,16.09
29-Jul-04,17.25,17.54,17.18,17.54,6700,16.17
28-Jul-04,17.40,17.40,17.18,17.18,4900,15.84
27-Jul-04,17.47,17.55,17.25,17.40,10800,16.04
26-Jul-04,17.50,17.64,17.45,17.55,8200,16.18
23-Jul-04,17.58,17.78,17.40,17.45,12700,16.09
22-Jul-04,17.78,17.98,17.65,17.68,9500,16.30
21-Jul-04,18.00,18.12,17.88,17.88,7800,16.49
20-Jul-04,17.79,17.95,17.75,17.94,13100,16.54
19-Jul-04,17.70,17.94,17.50,17.94,11600,16.54
16-Jul-04,18.00,18.02,17.70,17.87,11600,16.48
15-Jul-04,18.02,18.02,17.50,17.85,29900,16.46
14-Jul-04,18.06,18.29,18.05,18.06,14700,16.65
13-Jul-04,18.25,18.35,18.05,18.26,8700,16.84
12-Jul-04,18.60,18.99,18.60,18.85,20700,16.93
9-Jul-04,19.25,19.25,18.45,18.60,55100,16.70
8-Jul-04,19.20,19.40,19.15,19.25,12600,17.29
7-Jul-04,19.25,19.30,19.10,19.30,5500,17.33
6-Jul-04,19.30,19.30,18.90,19.25,8100,17.29
2-Jul-04,19.25,19.45,19.10,19.30,8200,17.33
1-Jul-04,19.30,19.45,18.95,19.45,10000,17.47
30-Jun-04,19.05,19.20,19.00,19.05,5500,17.11
29-Jun-04,18.95,19.00,18.85,19.00,3700,17.06
28-Jun-04,18.96,19.14,18.96,18.98,19600,17.04
25-Jun-04,19.17,19.17,19.00,19.06,6400,17.12
24-Jun-04,18.85,19.00,18.85,19.00,10000,17.06
23-Jun-04,19.20,19.20,18.86,18.95,5300,17.02
22-Jun-04,19.30,19.40,18.80,19.08,10800,17.13
21-Jun-04,19.02,19.40,18.81,19.40,8300,17.42
18-Jun-04,19.12,19.12,18.80,18.95,3900,17.02
17-Jun-04,19.30,19.30,18.80,19.06,8200,17.12
16-Jun-04,19.10,19.50,19.10,19.25,7900,17.29
15-Jun-04,18.53,19.25,18.52,19.25,13800,17.29
14-Jun-04,19.00,19.25,18.45,18.50,12000,16.61
10-Jun-04,18.75,19.10,18.75,19.00,8800,17.06
9-Jun-04,18.15,18.70,18.15,18.65,22300,16.75
8-Jun-04,18.04,18.25,17.90,18.15,7200,16.30
7-Jun-04,17.79,18.05,17.70,17.94,15800,16.11
4-Jun-04,17.60,17.79,17.60,17.70,6100,15.89
3-Jun-04,17.90,18.10,17.60,17.60,12300,15.80
2-Jun-04,17.55,18.12,17.55,18.00,22000,16.16
1-Jun-04,17.50,17.75,17.50,17.55,6600,15.76
28-May-04,17.72,17.85,17.55,17.65,7700,15.85
27-May-04,17.35,17.80,17.35,17.65,9700,15.85
26-May-04,17.40,17.55,17.20,17.37,10600,15.60
25-May-04,17.40,17.65,17.25,17.50,16600,15.72
24-May-04,17.50,17.65,17.40,17.45,13700,15.67
21-May-04,17.50,17.78,17.40,17.42,19700,15.64
20-May-04,17.45,17.60,17.40,17.44,15700,15.66
19-May-04,17.20,17.95,17.20,17.40,29900,15.63
18-May-04,16.51,17.30,16.51,17.20,20300,15.45
17-May-04,17.10,17.10,16.66,16.70,13500,15.00
14-May-04,17.30,17.41,17.25,17.32,12900,15.55
13-May-04,16.80,17.50,16.80,17.41,21000,15.63
12-May-04,17.06,17.15,16.45,16.85,33300,15.13
11-May-04,17.85,17.85,17.00,17.31,53300,15.54
10-May-04,18.80,18.81,17.91,18.00,26900,16.16
7-May-04,18.98,18.98,18.60,18.89,15500,16.96
6-May-04,19.12,19.13,18.78,19.10,15400,17.15
5-May-04,19.75,19.75,19.20,19.22,19500,17.26
4-May-04,20.10,20.10,19.83,19.83,4600,17.81
3-May-04,20.05,20.10,19.60,20.10,7400,18.05
30-Apr-04,20.05,20.12,19.85,19.90,7600,17.87
29-Apr-04,20.40,20.40,20.15,20.15,3800,18.09
28-Apr-04,20.00,20.35,19.85,20.27,10200,18.20
27-Apr-04,19.60,20.00,19.60,20.00,9200,17.96
26-Apr-04,19.90,20.00,19.60,19.70,15000,17.69
23-Apr-04,19.47,19.90,19.40,19.66,17600,17.65
22-Apr-04,19.70,19.75,19.35,19.45,24100,17.47
21-Apr-04,19.41,19.65,19.30,19.50,24600,17.51
20-Apr-04,19.55,19.68,19.40,19.51,10800,17.52
19-Apr-04,20.20,20.20,19.30,19.50,16500,17.51
16-Apr-04,20.10,20.25,20.00,20.20,17900,18.14
15-Apr-04,20.55,20.55,19.95,20.30,42600,18.23
14-Apr-04,20.65,20.70,20.52,20.65,12900,18.54
13-Apr-04,20.65,20.95,20.45,20.80,51500,18.68
12-Apr-04,21.15,21.49,20.90,21.40,40100,18.77
8-Apr-04,21.50,21.50,21.00,21.05,27100,18.47
7-Apr-04,21.70,21.70,21.40,21.40,10600,18.77
6-Apr-04,21.40,21.70,21.35,21.65,31200,18.99
5-Apr-04,21.46,21.65,21.31,21.40,13100,18.77
2-Apr-04,21.40,21.60,21.28,21.55,27000,18.91
1-Apr-04,21.00,21.20,20.80,21.15,19300,18.56
31-Mar-04,20.50,21.20,20.50,21.00,33000,18.42
30-Mar-04,20.45,20.60,20.26,20.60,23300,18.07
29-Mar-04,20.45,20.75,20.30,20.40,23400,17.90
26-Mar-04,20.25,20.46,20.05,20.20,34900,17.72
25-Mar-04,19.44,20.34,19.44,20.10,29400,17.63
24-Mar-04,19.30,19.52,19.07,19.19,38900,16.84
23-Mar-04,18.82,19.25,18.82,19.10,46000,16.76
22-Mar-04,18.85,18.85,18.24,18.57,39200,16.29
19-Mar-04,19.70,19.70,18.90,19.05,37300,16.71
18-Mar-04,20.10,20.11,19.65,19.70,36200,17.28
17-Mar-04,18.95,20.10,18.95,20.10,65900,17.63
16-Mar-04,19.75,19.95,18.55,18.70,93400,16.41
15-Mar-04,21.31,21.31,19.40,19.52,101200,17.13
12-Mar-04,21.05,21.40,21.05,21.40,16600,18.77
11-Mar-04,21.80,21.80,21.10,21.10,23600,18.51
10-Mar-04,21.70,21.99,21.51,21.85,23100,19.17
9-Mar-04,22.06,22.06,21.75,21.80,18300,19.13
8-Mar-04,21.80,22.09,21.70,22.00,15000,19.30
5-Mar-04,22.10,22.10,21.85,21.91,21500,19.22
4-Mar-04,21.90,22.24,21.81,22.12,19900,19.41
3-Mar-04,21.55,22.00,21.55,21.84,17900,19.16
2-Mar-04,21.84,21.84,21.48,21.50,27300,18.86
1-Mar-04,21.45,21.84,21.25,21.84,22900,19.16
27-Feb-04,21.00,21.60,20.85,21.41,19200,18.78
26-Feb-04,21.05,21.16,20.77,21.05,30200,18.47
25-Feb-04,21.00,21.20,20.95,21.05,20300,18.47
24-Feb-04,20.85,20.97,20.66,20.95,38900,18.38
23-Feb-04,21.75,21.75,20.71,20.85,115100,18.29
20-Feb-04,21.69,21.70,21.40,21.60,27800,18.95
19-Feb-04,22.00,22.20,21.45,21.72,39600,19.06
18-Feb-04,22.22,22.25,21.56,22.00,26600,19.30
17-Feb-04,22.01,22.20,21.83,22.02,15200,19.32
13-Feb-04,21.50,21.95,21.30,21.85,24800,19.17
12-Feb-04,21.95,22.20,21.55,21.55,21900,18.91
11-Feb-04,21.53,21.85,21.53,21.85,11200,19.17
10-Feb-04,21.60,21.70,21.31,21.53,34800,18.89
9-Feb-04,21.20,21.80,21.15,21.60,43300,18.95
6-Feb-04,21.30,21.40,20.85,21.25,30800,18.64
5-Feb-04,20.90,21.30,20.90,21.21,20600,18.61
4-Feb-04,20.85,21.10,20.63,21.00,18200,18.42
3-Feb-04,20.85,20.95,20.61,20.80,42000,18.25
2-Feb-04,21.35,21.35,20.50,20.71,19200,18.17
30-Jan-04,21.90,21.90,20.80,21.45,41600,18.82
29-Jan-04,22.41,22.53,21.75,22.00,33900,19.30
28-Jan-04,22.15,22.72,22.06,22.48,26500,19.72
27-Jan-04,21.80,22.40,21.40,22.35,80400,19.61
26-Jan-04,20.80,21.60,20.77,21.60,46600,18.95
23-Jan-04,21.35,21.70,21.20,21.70,36300,19.04
22-Jan-04,20.50,21.39,20.48,21.28,90600,18.67
21-Jan-04,20.10,20.25,19.80,20.19,31900,17.71
20-Jan-04,19.80,20.30,19.80,20.00,26700,17.55
16-Jan-04,20.30,20.60,20.20,20.45,33800,17.94
15-Jan-04,20.27,20.31,20.01,20.18,13000,17.70
14-Jan-04,20.08,20.35,20.05,20.35,36800,17.85
13-Jan-04,20.68,20.68,19.74,19.98,39700,17.53
12-Jan-04,21.45,21.45,20.71,21.06,47100,18.05
9-Jan-04,20.65,21.60,20.55,21.10,35700,18.08
8-Jan-04,20.90,20.90,20.41,20.60,69500,17.65
7-Jan-04,20.22,20.70,20.21,20.70,21100,17.74
6-Jan-04,20.25,20.53,20.19,20.25,64000,17.35
5-Jan-04,19.95,20.15,19.73,20.15,56400,17.27
2-Jan-04,19.65,19.90,19.65,19.81,19300,16.98
31-Dec-03,19.60,19.72,19.45,19.72,10700,16.90
30-Dec-03,19.55,19.65,19.25,19.55,21800,16.75
29-Dec-03,19.61,19.70,19.45,19.47,40900,16.68
26-Dec-03,19.60,19.80,19.51,19.51,4600,16.72
24-Dec-03,19.69,19.70,19.50,19.52,4300,16.73
23-Dec-03,19.70,19.70,19.50,19.65,16600,16.84
22-Dec-03,19.52,19.56,18.85,19.55,57800,16.75
19-Dec-03,19.40,19.69,19.40,19.56,38700,16.76
18-Dec-03,19.70,19.70,19.40,19.40,19700,16.62
17-Dec-03,19.00,19.70,18.92,19.70,16300,16.88
16-Dec-03,19.00,19.18,18.96,19.10,11200,16.37
15-Dec-03,19.10,19.18,18.95,19.10,16500,16.37
12-Dec-03,18.95,19.20,18.90,19.02,21200,16.30
11-Dec-03,18.90,19.25,18.85,19.01,27800,16.29
10-Dec-03,18.98,19.00,18.80,18.83,17600,16.14
9-Dec-03,18.92,19.20,18.78,18.88,26800,16.18
8-Dec-03,18.71,18.92,18.41,18.91,45200,16.20
5-Dec-03,18.67,18.80,18.59,18.61,13600,15.95
4-Dec-03,18.90,18.90,18.60,18.68,19600,16.01
3-Dec-03,18.70,18.89,18.55,18.88,10500,16.18
2-Dec-03,18.70,18.79,18.50,18.65,25900,15.98
1-Dec-03,18.40,18.95,18.40,18.80,26000,16.11
28-Nov-03,18.26,18.50,18.25,18.50,10800,15.85
26-Nov-03,18.41,18.50,18.15,18.26,13700,15.65
25-Nov-03,18.10,18.36,18.08,18.36,38400,15.73
24-Nov-03,17.80,18.06,17.70,18.06,16200,15.48
21-Nov-03,17.70,18.00,17.70,17.80,18900,15.25
20-Nov-03,17.47,17.75,17.46,17.60,45500,15.08
19-Nov-03,17.35,17.82,17.25,17.60,51500,15.08
18-Nov-03,16.80,17.30,16.80,17.15,17000,14.70
17-Nov-03,17.40,17.40,16.25,16.70,50900,14.31
14-Nov-03,18.00,18.00,17.50,17.50,19100,15.00
13-Nov-03,17.75,17.86,17.62,17.81,5900,15.26
12-Nov-03,17.33,17.75,17.33,17.65,13100,15.12
11-Nov-03,17.80,17.91,17.35,17.50,32600,15.00
10-Nov-03,18.60,18.70,17.55,17.85,45500,15.30
7-Nov-03,18.30,18.70,18.10,18.50,22100,15.85
6-Nov-03,18.09,18.30,18.01,18.15,15600,15.55
5-Nov-03,18.75,18.75,18.05,18.06,21300,15.48
4-Nov-03,18.15,18.80,18.00,18.74,16600,16.06
3-Nov-03,17.55,18.24,17.55,18.05,62900,15.47
31-Oct-03,18.50,18.63,18.30,18.45,12800,15.81
30-Oct-03,18.80,18.81,18.48,18.50,46000,15.85
29-Oct-03,17.90,18.47,17.85,18.10,21100,15.51
28-Oct-03,17.70,18.05,17.70,18.00,19800,15.42
27-Oct-03,17.51,17.80,17.40,17.75,27100,15.21
24-Oct-03,17.60,17.78,17.50,17.51,15100,15.00
23-Oct-03,17.73,18.00,17.63,17.85,44100,15.30
22-Oct-03,18.10,18.25,17.37,17.63,47400,15.11
21-Oct-03,18.07,18.19,18.00,18.15,27600,15.55
20-Oct-03,17.90,18.19,17.90,18.04,14700,15.46
17-Oct-03,18.19,18.20,17.87,17.95,34300,15.38
16-Oct-03,17.85,18.19,17.80,18.18,20000,15.58
15-Oct-03,17.75,17.90,17.75,17.80,64300,15.25
14-Oct-03,17.85,17.85,17.51,17.75,18100,15.21
13-Oct-03,17.75,17.85,17.40,17.74,32500,15.20
10-Oct-03,17.74,17.80,17.41,17.79,70900,15.24
9-Oct-03,17.85,18.84,17.85,18.45,125200,15.39
8-Oct-03,17.55,18.05,17.15,17.79,85700,14.84
7-Oct-03,16.95,17.37,16.85,17.20,57800,14.35
6-Oct-03,16.55,17.18,16.55,17.06,66400,14.23
3-Oct-03,16.49,16.72,16.30,16.50,63100,13.76
2-Oct-03,15.79,16.10,15.78,16.10,39400,13.43
1-Oct-03,15.55,15.76,15.45,15.76,20300,13.14
30-Sep-03,15.49,15.60,15.40,15.40,33800,12.84
29-Sep-03,15.50,15.60,15.06,15.50,16600,12.93
26-Sep-03,15.70,15.70,15.35,15.40,41400,12.84
25-Sep-03,15.60,15.90,15.60,15.76,60200,13.14
24-Sep-03,15.68,15.90,15.66,15.66,20900,13.06
23-Sep-03,15.55,15.77,15.50,15.68,18300,13.08
22-Sep-03,15.60,15.68,15.40,15.55,22000,12.97
19-Sep-03,16.00,16.00,15.76,15.76,19500,13.14
18-Sep-03,15.85,16.00,15.81,16.00,35300,13.34
17-Sep-03,16.00,16.10,15.90,16.10,16400,13.43
16-Sep-03,15.80,16.00,15.80,16.00,12000,13.34
15-Sep-03,15.95,15.95,15.75,15.82,11900,13.19
12-Sep-03,15.95,16.20,15.90,16.00,14500,13.34
11-Sep-03,15.80,16.00,15.75,15.99,17000,13.34
10-Sep-03,16.05,16.10,15.70,15.75,19400,13.14
9-Sep-03,16.35,16.38,16.06,16.06,18400,13.39
8-Sep-03,16.10,16.50,16.10,16.30,28900,13.60
5-Sep-03,15.90,16.10,15.69,16.00,39300,13.34
4-Sep-03,15.85,15.85,15.55,15.55,26100,12.97
3-Sep-03,15.60,16.23,15.60,15.85,75400,13.22
2-Sep-03,14.85,15.25,14.75,15.19,25300,12.67
29-Aug-03,14.45,14.95,14.45,14.77,26300,12.32
28-Aug-03,14.28,14.62,14.22,14.50,21700,12.09
27-Aug-03,14.30,14.39,14.20,14.35,5400,11.97
26-Aug-03,14.25,14.25,14.11,14.23,9700,11.87
25-Aug-03,14.44,14.47,14.15,14.35,10800,11.97
22-Aug-03,14.60,14.67,14.25,14.44,16600,12.04
21-Aug-03,14.40,14.50,14.20,14.35,21300,11.97
20-Aug-03,13.99,14.40,13.99,14.30,32100,11.93
19-Aug-03,13.92,13.98,13.56,13.96,17200,11.64
18-Aug-03,13.32,13.84,13.32,13.84,16400,11.54
15-Aug-03,13.30,13.45,13.30,13.44,11200,11.21
14-Aug-03,13.06,13.31,13.06,13.28,8600,11.08
13-Aug-03,13.15,13.15,12.92,12.99,6900,10.83
12-Aug-03,13.19,13.25,13.00,13.18,16200,10.99
11-Aug-03,13.01,13.29,13.00,13.15,29200,10.97
8-Aug-03,13.09,13.09,12.70,12.91,59000,10.77
7-Aug-03,12.95,13.20,12.95,13.09,21300,10.92
6-Aug-03,12.85,13.20,12.55,12.95,38100,10.80
5-Aug-03,12.15,12.92,12.15,12.60,48300,10.51
4-Aug-03,12.70,12.70,12.00,12.09,56900,10.08
1-Aug-03,13.10,13.10,12.70,12.95,29200,10.80
31-Jul-03,13.05,13.18,12.85,13.10,29400,10.93
30-Jul-03,13.60,13.60,12.90,12.95,38100,10.80
29-Jul-03,14.03,14.03,13.65,13.70,20400,11.43
28-Jul-03,13.94,14.10,13.94,14.03,5900,11.70
25-Jul-03,14.15,14.19,13.58,13.98,18200,11.66
24-Jul-03,14.22,14.29,14.04,14.05,12200,11.72
23-Jul-03,13.98,14.18,13.86,14.15,24000,11.80
22-Jul-03,13.56,13.98,13.25,13.90,49600,11.59
21-Jul-03,13.50,13.60,13.26,13.46,15600,11.23
18-Jul-03,13.95,13.95,13.25,13.51,59700,11.27
17-Jul-03,14.88,14.90,13.79,13.86,54000,11.56
16-Jul-03,13.94,15.20,13.75,14.93,115300,12.45
15-Jul-03,14.63,14.63,13.94,13.94,44000,11.63
14-Jul-03,14.70,15.12,14.61,14.73,39900,12.29
11-Jul-03,15.20,15.30,14.60,14.60,83300,12.18
10-Jul-03,15.95,16.10,15.40,15.45,98100,12.48
9-Jul-03,16.19,16.45,15.91,15.91,68800,12.85
8-Jul-03,16.10,16.25,16.00,16.19,61200,13.07
7-Jul-03,14.89,15.95,14.89,15.95,71500,12.88
3-Jul-03,14.62,14.95,14.35,14.89,34200,12.02
2-Jul-03,15.40,15.46,14.24,14.72,68300,11.89
1-Jul-03,16.15,16.15,15.21,15.51,67000,12.52
30-Jun-03,16.60,16.60,15.50,16.23,88100,13.11
27-Jun-03,16.00,16.74,15.80,16.10,116800,13.00
26-Jun-03,14.45,15.95,14.45,15.63,124700,12.62
25-Jun-03,14.33,14.33,13.95,13.95,7000,11.26
24-Jun-03,14.10,14.35,13.92,14.20,39500,11.47
23-Jun-03,14.45,14.45,13.70,14.00,43200,11.30
20-Jun-03,14.05,14.56,13.98,14.38,52100,11.61
19-Jun-03,14.20,14.35,13.70,13.88,88500,11.21
18-Jun-03,13.30,14.10,13.10,13.92,125000,11.24
17-Jun-03,12.95,12.95,12.85,12.95,17200,10.46
16-Jun-03,12.85,13.06,12.71,12.80,50900,10.34
13-Jun-03,12.95,13.06,12.75,12.75,24800,10.30
12-Jun-03,13.10,13.55,12.95,13.00,25300,10.50
11-Jun-03,12.80,13.09,12.55,13.09,28200,10.57
10-Jun-03,12.65,13.10,12.51,13.00,48300,10.50
9-Jun-03,12.90,12.90,12.55,12.69,38600,10.25
6-Jun-03,14.20,14.20,13.01,13.06,83200,10.55
5-Jun-03,13.78,14.11,13.35,13.49,100700,10.89
4-Jun-03,12.23,13.70,12.23,13.40,136600,10.82
3-Jun-03,12.05,12.15,11.97,12.13,51200,9.79
2-Jun-03,11.45,12.37,11.45,12.00,89900,9.69
30-May-03,11.00,11.10,10.95,11.05,23000,8.92
29-May-03,11.10,11.26,10.86,10.90,35400,8.80
28-May-03,11.05,11.18,10.85,11.10,25700,8.96
27-May-03,10.10,11.00,10.10,10.95,28200,8.84
23-May-03,10.24,10.40,10.07,10.20,21500,8.24
22-May-03,10.45,10.60,10.28,10.34,20100,8.35
21-May-03,9.90,10.32,9.45,10.32,37800,8.33
20-May-03,10.50,10.76,9.81,10.00,45400,8.07
19-May-03,10.90,10.90,10.14,10.45,41600,8.44
16-May-03,10.50,11.05,10.50,11.00,115200,8.88
15-May-03,12.32,12.39,11.20,11.47,144600,9.26
14-May-03,12.56,12.69,12.32,12.40,21900,10.01
13-May-03,12.36,12.60,12.20,12.57,22100,10.15
12-May-03,12.15,12.59,12.11,12.35,43000,9.97
9-May-03,12.13,12.37,11.80,11.85,32400,9.57
8-May-03,11.10,12.20,11.10,11.73,97500,9.47
7-May-03,12.66,13.40,11.60,11.70,189200,9.45
6-May-03,12.79,13.05,12.35,12.65,123200,10.21
5-May-03,11.10,12.19,11.10,12.10,100700,9.77
2-May-03,9.76,10.98,9.76,10.85,192900,8.76
1-May-03,9.24,9.53,9.13,9.43,29100,7.61
30-Apr-03,9.05,9.20,9.00,9.19,31500,7.42
29-Apr-03,8.84,9.03,8.65,9.01,63800,7.28
28-Apr-03,8.75,9.05,8.60,8.94,98900,7.22
25-Apr-03,7.40,9.05,7.18,8.64,344700,6.98
24-Apr-03,6.70,7.40,6.35,7.00,104200,5.65
23-Apr-03,6.05,6.90,6.05,6.64,110200,5.36
22-Apr-03,6.45,6.45,5.47,5.98,167500,4.83
21-Apr-03,6.70,7.30,6.65,6.65,173500,5.37
17-Apr-03,8.75,9.10,8.05,8.20,242500,6.62
16-Apr-03,7.31,7.73,7.10,7.21,131700,5.82
15-Apr-03,5.75,7.74,5.55,7.20,475200,5.81
14-Apr-03,6.55,6.80,5.05,5.25,199100,4.24
11-Apr-03,7.40,7.43,6.25,6.59,145800,5.32
10-Apr-03,8.30,8.40,7.96,8.15,57900,6.18
9-Apr-03,7.60,8.20,7.19,8.00,79700,6.07
8-Apr-03,8.25,8.25,7.76,7.97,83000,6.05
7-Apr-03,9.05,9.14,8.70,8.81,63800,6.68
4-Apr-03,8.00,8.25,7.70,8.20,51300,6.22
3-Apr-03,8.21,8.70,7.68,7.70,142000,5.84
2-Apr-03,7.35,8.25,7.35,8.05,182300,6.11
1-Apr-03,7.00,7.65,6.60,6.90,332300,5.24
31-Mar-03,3.05,6.00,3.00,5.70,307300,4.32
28-Mar-03,3.50,3.50,3.00,3.11,123300,2.36
27-Mar-03,4.50,4.65,3.40,3.80,64200,2.88
26-Mar-03,4.85,4.93,4.45,4.45,43900,3.38
25-Mar-03,4.50,5.14,4.50,4.86,48200,3.69
24-Mar-03,4.45,4.51,4.10,4.26,47600,3.23
21-Mar-03,3.59,5.00,3.59,4.85,118400,3.68
20-Mar-03,3.61,3.63,3.36,3.63,16800,2.75
19-Mar-03,3.60,3.65,3.41,3.55,43700,2.69
18-Mar-03,3.01,3.55,3.01,3.51,60300,2.66
17-Mar-03,2.70,3.13,2.61,3.01,43000,2.28
14-Mar-03,2.75,2.99,2.68,2.80,22100,2.12
13-Mar-03,2.70,2.82,2.55,2.82,47900,2.14
12-Mar-03,2.85,3.00,2.43,2.70,82100,2.05
11-Mar-03,4.00,4.05,2.95,3.01,180900,2.28
10-Mar-03,4.75,4.75,4.05,4.05,36400,3.07
7-Mar-03,4.48,4.90,4.30,4.90,21000,3.72
6-Mar-03,4.37,4.48,4.30,4.30,17300,3.26
5-Mar-03,4.30,4.53,4.30,4.44,25400,3.37
4-Mar-03,4.75,4.75,4.35,4.37,16800,3.32
3-Mar-03,4.18,4.85,4.10,4.85,28700,3.68
28-Feb-03,4.40,4.50,4.05,4.18,34400,3.17
27-Feb-03,4.62,4.65,4.30,4.45,30200,3.38
26-Feb-03,5.15,5.15,4.25,4.82,48900,3.66
25-Feb-03,4.88,5.35,4.50,5.26,25000,3.99
24-Feb-03,5.40,5.40,5.00,5.08,14800,3.85
21-Feb-03,5.32,5.45,5.21,5.35,6100,4.06
20-Feb-03,5.49,5.60,5.25,5.42,13300,4.11
19-Feb-03,5.45,5.69,5.40,5.40,11400,4.10
18-Feb-03,5.40,5.55,5.20,5.35,10000,4.06
14-Feb-03,4.85,5.55,4.80,5.45,22600,4.14
13-Feb-03,5.20,5.20,4.65,4.70,48800,3.57
12-Feb-03,5.90,5.95,5.30,5.30,38200,4.02
11-Feb-03,5.60,5.95,5.50,5.90,28800,4.48
10-Feb-03,6.11,6.17,5.67,5.75,32800,4.36
7-Feb-03,6.49,6.50,5.96,6.10,16300,4.63
6-Feb-03,6.10,6.50,6.00,6.48,24400,4.92
5-Feb-03,6.50,6.50,5.75,6.06,44700,4.60
4-Feb-03,6.95,6.95,6.41,6.50,37300,4.93
3-Feb-03,7.17,7.17,6.71,7.00,27800,5.31
31-Jan-03,6.85,6.93,6.52,6.86,26100,5.21
30-Jan-03,7.30,7.30,6.81,6.85,38800,5.20
29-Jan-03,7.30,7.55,7.00,7.40,44300,5.61
28-Jan-03,6.75,7.54,6.60,7.50,40000,5.69
27-Jan-03,7.00,7.05,6.50,6.75,42200,5.12
24-Jan-03,7.66,7.66,6.95,7.00,62700,5.31
23-Jan-03,8.74,9.00,7.30,7.66,103600,5.81
22-Jan-03,10.40,10.40,8.50,8.64,93600,6.56
21-Jan-03,11.51,11.75,10.41,10.60,34900,8.04
17-Jan-03,11.96,12.10,11.70,11.71,5300,8.88
16-Jan-03,12.09,12.40,12.00,12.06,10000,9.15
15-Jan-03,12.60,12.60,12.08,12.10,8900,9.18
14-Jan-03,12.55,13.02,12.55,12.85,24800,9.75
13-Jan-03,12.52,12.52,12.20,12.48,14700,9.47
10-Jan-03,13.00,13.25,12.84,12.95,32600,9.45
9-Jan-03,12.40,12.94,12.40,12.91,13000,9.42
8-Jan-03,12.15,12.57,12.10,12.34,14000,9.01
7-Jan-03,11.87,12.25,11.87,12.25,18300,8.94
6-Jan-03,11.50,12.00,11.26,11.80,21500,8.61
3-Jan-03,10.80,11.18,10.71,11.18,8200,8.16
2-Jan-03,10.35,10.74,10.30,10.70,9200,7.81
31-Dec-02,9.80,10.47,9.80,10.25,22000,7.48
30-Dec-02,10.25,10.28,9.80,9.80,19200,7.15
27-Dec-02,10.10,10.35,10.00,10.28,9100,7.50
26-Dec-02,10.50,10.84,9.75,10.05,68500,7.34
24-Dec-02,10.36,10.80,10.36,10.50,12600,7.66
23-Dec-02,10.65,10.65,10.10,10.29,21100,7.51
20-Dec-02,10.60,10.89,10.60,10.65,15100,7.77
19-Dec-02,10.85,11.20,10.70,10.70,17900,7.81
18-Dec-02,11.82,11.82,10.58,10.80,36200,7.88
17-Dec-02,11.75,12.00,11.63,11.84,11100,8.64
16-Dec-02,11.90,11.93,11.75,11.85,9600,8.65
13-Dec-02,11.99,12.08,11.80,11.95,5900,8.72
12-Dec-02,11.85,12.13,11.71,12.09,9500,8.82
11-Dec-02,12.35,12.35,11.69,11.71,17500,8.55
10-Dec-02,12.45,12.50,12.25,12.44,10200,9.08
9-Dec-02,12.90,12.90,12.40,12.45,17000,9.09
6-Dec-02,12.45,13.15,12.45,12.90,8900,9.42
5-Dec-02,12.25,13.35,12.25,12.55,19800,9.16
4-Dec-02,12.23,12.50,12.00,12.00,20300,8.76
3-Dec-02,13.45,13.45,12.20,12.33,17400,9.00
2-Dec-02,13.38,13.75,13.20,13.60,17000,9.93
29-Nov-02,13.80,13.88,13.61,13.66,3800,9.97
27-Nov-02,13.70,14.25,13.70,13.80,9600,10.07
26-Nov-02,13.65,14.25,13.55,13.61,15800,9.93
25-Nov-02,13.00,13.72,13.00,13.70,14000,10.00
21-Nov-02,12.25,12.95,12.25,12.88,13300,9.40
20-Nov-02,12.24,12.29,12.00,12.00,7900,8.76
19-Nov-02,12.21,12.40,11.90,12.20,10600,8.91
18-Nov-02,12.20,12.35,11.99,12.10,19300,8.83
15-Nov-02,12.00,12.26,11.86,12.00,11800,8.76
14-Nov-02,12.30,12.45,11.95,12.00,27800,8.76
13-Nov-02,11.96,12.84,11.85,12.35,19500,9.01
12-Nov-02,11.92,12.35,11.86,11.86,14300,8.66
11-Nov-02,12.70,13.45,11.80,11.82,26700,8.63
8-Nov-02,12.60,13.15,12.60,12.80,33900,9.34
7-Nov-02,13.50,13.50,12.60,12.63,20700,9.22
6-Nov-02,11.56,13.40,11.56,13.40,45000,9.78
5-Nov-02,11.26,11.55,11.00,11.41,17500,8.33
4-Nov-02,10.85,11.85,10.85,11.25,23200,8.21
1-Nov-02,10.45,10.75,10.30,10.75,8400,7.85
31-Oct-02,10.10,10.40,10.01,10.37,8900,7.57
30-Oct-02,9.80,10.20,9.65,9.95,20900,7.26
29-Oct-02,9.90,9.90,9.35,9.69,12300,7.07
28-Oct-02,10.23,10.35,9.75,9.90,23500,7.23
25-Oct-02,9.85,10.10,9.85,10.10,7000,7.37
24-Oct-02,9.70,10.25,9.40,9.81,19200,7.16
23-Oct-02,9.65,9.95,9.55,9.65,22400,7.04
22-Oct-02,8.55,9.75,8.55,9.65,23900,7.04
21-Oct-02,8.27,8.85,8.16,8.75,11000,6.39
18-Oct-02,8.20,8.40,8.00,8.35,12200,6.09
17-Oct-02,8.41,8.65,8.03,8.20,16200,5.99
16-Oct-02,7.93,8.64,7.91,8.45,14400,6.17
15-Oct-02,8.10,8.50,7.91,8.10,22900,5.91
14-Oct-02,8.25,8.30,7.75,7.75,10300,5.66
11-Oct-02,7.00,8.60,6.85,8.15,43300,5.95
10-Oct-02,8.04,8.04,7.10,7.10,29800,5.18
9-Oct-02,9.90,9.90,8.25,8.64,39200,5.95
8-Oct-02,10.65,11.45,9.90,10.05,31100,6.92
7-Oct-02,11.01,11.13,10.20,10.50,20900,7.23
4-Oct-02,11.75,11.90,10.90,11.11,12400,7.65
3-Oct-02,11.80,12.15,11.65,11.65,10500,8.02
2-Oct-02,11.95,11.95,11.60,11.70,6300,8.06
1-Oct-02,10.50,11.80,10.50,11.80,12100,8.12
30-Sep-02,11.05,11.05,10.15,10.55,28900,7.26
27-Sep-02,12.55,12.84,10.80,11.05,35600,7.61
26-Sep-02,11.85,13.25,11.85,12.60,24800,8.68
25-Sep-02,10.55,11.90,10.50,11.70,28300,8.06
24-Sep-02,10.40,12.10,10.10,10.20,52400,7.02
23-Sep-02,13.50,13.50,9.90,10.75,97900,7.40
20-Sep-02,13.75,13.75,12.95,13.40,15700,9.23
19-Sep-02,14.05,14.40,13.50,13.50,26300,9.30
18-Sep-02,14.39,14.55,14.00,14.19,18900,9.77
17-Sep-02,14.20,14.64,14.20,14.59,13900,10.05
16-Sep-02,15.25,15.30,14.00,14.20,15800,9.78
13-Sep-02,16.00,16.10,15.10,15.10,16100,10.40
12-Sep-02,16.20,16.30,15.75,15.90,7900,10.95
11-Sep-02,16.25,16.35,16.08,16.35,5700,11.26
10-Sep-02,16.45,16.50,16.10,16.15,13200,11.12
9-Sep-02,15.83,16.70,15.83,16.50,13800,11.36
6-Sep-02,15.53,15.74,15.40,15.69,9500,10.80
5-Sep-02,16.50,16.50,15.65,15.66,16000,10.78
4-Sep-02,17.10,17.25,16.30,16.65,19300,11.46
3-Sep-02,17.75,17.75,17.00,17.20,11100,11.84
30-Aug-02,17.85,18.05,17.70,17.75,10600,12.22
29-Aug-02,17.55,17.80,17.55,17.70,8200,12.19
28-Aug-02,17.64,17.80,17.30,17.44,10300,12.01
27-Aug-02,17.70,17.80,17.40,17.50,22400,12.05
26-Aug-02,17.10,17.75,17.10,17.50,18300,12.05
23-Aug-02,17.41,17.92,16.80,17.00,39100,11.70
22-Aug-02,16.90,17.85,16.90,17.53,33600,12.07
21-Aug-02,16.50,16.95,15.85,16.95,26600,11.67
20-Aug-02,15.40,16.70,15.40,16.60,21100,11.43
19-Aug-02,15.50,16.00,15.45,15.50,16600,10.67
16-Aug-02,13.65,15.40,13.57,15.35,23000,10.57
15-Aug-02,13.80,13.95,13.45,13.80,24400,9.50
14-Aug-02,14.30,14.60,13.15,13.95,29400,9.60
13-Aug-02,13.70,14.65,13.70,14.30,47600,9.85
12-Aug-02,14.90,14.90,13.65,14.05,28300,9.67
9-Aug-02,15.45,15.50,15.15,15.50,15700,10.67
8-Aug-02,15.60,16.25,15.60,15.60,15500,10.74
7-Aug-02,16.00,16.55,15.60,15.80,16500,10.88
6-Aug-02,15.65,16.35,15.65,16.00,13900,11.02
5-Aug-02,17.80,17.80,15.45,15.60,38400,10.74
2-Aug-02,18.05,18.05,17.60,17.80,9900,12.26
1-Aug-02,17.60,18.30,17.60,18.00,14600,12.39
31-Jul-02,16.30,17.40,16.30,17.40,16900,11.98
30-Jul-02,15.86,16.15,15.86,16.15,11700,11.12
29-Jul-02,15.65,15.90,15.60,15.80,4700,10.88
26-Jul-02,15.55,15.97,15.55,15.55,6500,10.71
25-Jul-02,12.30,15.85,12.30,15.40,48200,10.60
24-Jul-02,11.90,12.25,11.80,12.25,27700,8.43
23-Jul-02,13.25,13.60,11.70,11.99,25100,8.26
22-Jul-02,16.75,16.75,13.20,13.20,33600,9.09
19-Jul-02,17.50,17.50,17.00,17.00,8000,11.70
18-Jul-02,18.28,18.28,17.45,17.50,18700,12.05
17-Jul-02,19.00,19.00,18.02,18.28,41700,12.59
16-Jul-02,19.60,19.65,19.05,19.29,12600,13.28
15-Jul-02,19.80,20.18,19.50,19.65,22200,13.53
12-Jul-02,19.65,20.40,19.55,20.00,8700,13.77
11-Jul-02,19.90,19.99,19.63,19.75,7700,13.60
10-Jul-02,21.00,21.00,20.00,20.55,11200,13.81
9-Jul-02,21.00,21.20,20.65,21.15,11400,14.21
8-Jul-02,19.80,20.90,19.80,20.90,22400,14.05
5-Jul-02,19.80,20.05,19.75,19.95,3800,13.41
3-Jul-02,20.45,20.45,19.80,19.90,7500,13.37
2-Jul-02,20.70,21.00,20.40,20.40,9200,13.71
1-Jul-02,20.75,21.10,20.60,20.60,12800,13.84
28-Jun-02,20.76,21.07,20.75,20.83,5300,14.00
27-Jun-02,20.85,20.90,20.77,20.82,7300,13.99
26-Jun-02,20.54,21.30,20.40,20.85,25400,14.01
25-Jun-02,20.45,20.64,20.26,20.46,6300,13.75
24-Jun-02,20.42,20.75,20.32,20.32,15900,13.66
21-Jun-02,20.70,20.90,20.60,20.60,9700,13.84
20-Jun-02,21.00,21.01,20.80,20.94,5300,14.07
19-Jun-02,20.41,20.90,20.30,20.89,6600,14.04
18-Jun-02,20.10,20.60,19.95,20.45,14400,13.74
17-Jun-02,20.00,20.50,19.90,20.08,16400,13.49
14-Jun-02,21.10,21.10,19.55,19.90,20700,13.37
13-Jun-02,21.22,21.22,21.00,21.12,1600,14.19
12-Jun-02,21.70,21.80,21.00,21.14,17900,14.21
11-Jun-02,21.97,22.10,21.60,21.74,11500,14.61
10-Jun-02,22.05,22.10,21.96,22.00,5000,14.78
7-Jun-02,21.85,22.15,21.85,22.15,1200,14.89
6-Jun-02,22.00,22.09,21.85,22.00,3300,14.78
5-Jun-02,22.00,22.12,22.00,22.00,3000,14.78
4-Jun-02,22.30,22.32,22.00,22.00,4300,14.78
3-Jun-02,22.35,22.45,22.33,22.33,7200,15.01
31-May-02,22.60,22.65,22.35,22.35,5800,15.02
30-May-02,22.57,22.68,22.46,22.68,6400,15.24
29-May-02,22.50,22.60,22.30,22.60,4700,15.19
28-May-02,22.55,22.60,22.25,22.60,9900,15.19
24-May-02,22.05,22.65,22.00,22.62,9200,15.20
23-May-02,21.79,22.45,21.71,22.30,22600,14.99
22-May-02,21.41,21.79,21.40,21.79,12500,14.64
21-May-02,21.76,21.76,21.45,21.65,7300,14.55
20-May-02,21.65,21.75,21.30,21.67,16400,14.56
17-May-02,21.65,21.79,21.65,21.65,4700,14.55
16-May-02,21.80,21.80,21.70,21.80,4200,14.65
15-May-02,21.60,21.80,21.55,21.80,7100,14.65
14-May-02,21.65,21.75,21.51,21.70,5900,14.58
13-May-02,21.80,21.85,21.50,21.50,7600,14.45
10-May-02,21.92,21.92,21.80,21.81,9400,14.66
9-May-02,21.90,21.99,21.78,21.85,9700,14.68
8-May-02,21.96,21.98,21.85,21.98,4500,14.77
7-May-02,21.76,21.95,21.75,21.83,8000,14.67
6-May-02,21.76,21.90,21.75,21.77,4700,14.63
3-May-02,21.75,21.83,21.75,21.75,2800,14.62
2-May-02,21.91,21.91,21.75,21.75,5400,14.62
1-May-02,22.00,22.00,21.80,21.92,6800,14.73
30-Apr-02,21.87,21.95,21.80,21.87,3400,14.70
29-Apr-02,22.40,22.40,21.95,21.95,9000,14.75
26-Apr-02,22.25,22.40,22.25,22.30,3600,14.99
25-Apr-02,22.43,22.60,22.25,22.25,6400,14.95
24-Apr-02,22.60,22.60,22.34,22.48,5400,15.11
23-Apr-02,22.55,22.90,22.34,22.68,22700,15.24
22-Apr-02,22.35,22.64,22.34,22.61,6200,15.19
19-Apr-02,22.25,22.40,22.25,22.40,9200,15.05
18-Apr-02,22.27,22.45,22.25,22.33,6700,15.01
17-Apr-02,22.45,22.61,22.27,22.27,7300,14.97
16-Apr-02,22.50,22.60,22.25,22.35,17300,15.02
15-Apr-02,22.85,22.85,22.50,22.60,9800,15.19
12-Apr-02,22.50,22.90,22.50,22.70,7200,15.26
11-Apr-02,22.50,22.64,22.50,22.60,1300,15.19
10-Apr-02,22.72,22.96,22.55,22.88,9000,15.05
9-Apr-02,22.80,22.90,22.72,22.72,5800,14.94
8-Apr-02,22.60,22.77,22.32,22.77,5800,14.97
5-Apr-02,22.49,22.90,22.49,22.60,5700,14.86
4-Apr-02,22.70,22.80,22.45,22.49,8100,14.79
3-Apr-02,22.90,23.05,22.80,22.80,2000,14.99
2-Apr-02,22.95,23.00,22.73,23.00,6000,15.12
1-Apr-02,23.20,23.20,22.82,22.93,6000,15.08
28-Mar-02,22.80,23.15,22.80,23.05,4300,15.16
27-Mar-02,22.70,22.85,22.70,22.76,8700,14.97
26-Mar-02,22.79,22.79,22.60,22.70,4400,14.93
25-Mar-02,22.70,22.90,22.51,22.70,21200,14.93
22-Mar-02,22.80,22.80,22.53,22.73,4900,14.95
21-Mar-02,23.40,23.50,22.95,22.95,8800,15.09
20-Mar-02,23.40,23.48,23.10,23.48,12000,15.44
19-Mar-02,23.85,23.85,23.05,23.40,12300,15.39
18-Mar-02,23.87,23.90,23.55,23.55,4700,15.49
15-Mar-02,23.70,23.80,23.60,23.80,7700,15.65
14-Mar-02,23.90,23.95,23.74,23.75,10900,15.62
13-Mar-02,23.50,24.00,23.50,23.85,10300,15.68
12-Mar-02,23.38,23.65,23.35,23.50,10300,15.45
11-Mar-02,23.85,24.00,23.15,23.44,18900,15.41
8-Mar-02,23.50,23.85,23.50,23.85,9100,15.68
7-Mar-02,23.15,23.60,23.12,23.50,13200,15.45
6-Mar-02,23.10,23.40,23.06,23.25,10400,15.29
5-Mar-02,22.95,23.20,22.85,23.00,9300,15.12
4-Mar-02,22.45,23.00,22.45,23.00,8400,15.12
1-Mar-02,22.55,22.65,22.30,22.35,9300,14.70
28-Feb-02,22.23,22.50,22.22,22.50,8200,14.80
27-Feb-02,22.41,22.41,22.05,22.30,16700,14.66
26-Feb-02,22.54,22.54,22.05,22.18,4800,14.59
25-Feb-02,22.45,22.51,22.42,22.42,6700,14.74
22-Feb-02,22.20,22.62,22.20,22.30,10000,14.66
21-Feb-02,22.25,22.55,22.10,22.25,13800,14.63
20-Feb-02,21.65,22.15,21.50,22.15,18400,14.57
19-Feb-02,21.50,21.70,21.35,21.50,16300,14.14
15-Feb-02,21.47,21.70,21.40,21.45,9400,14.11
14-Feb-02,21.51,21.80,21.45,21.55,4800,14.17
13-Feb-02,21.45,21.70,21.40,21.45,6900,14.11
12-Feb-02,21.52,21.52,21.35,21.35,5400,14.04
11-Feb-02,21.25,21.50,21.25,21.50,3700,14.14
8-Feb-02,21.20,21.35,21.15,21.35,5400,14.04
7-Feb-02,21.55,21.65,21.00,21.30,20400,14.01
6-Feb-02,21.75,21.85,21.30,21.65,6000,14.24
5-Feb-02,21.65,22.01,21.50,21.80,7300,14.34
4-Feb-02,22.25,22.25,21.75,21.75,5000,14.30
31-Jan-02,22.50,22.67,22.18,22.20,8200,14.60
30-Jan-02,22.60,22.60,22.40,22.40,5600,14.73
29-Jan-02,22.70,22.70,22.60,22.68,8600,14.91
28-Jan-02,22.30,22.65,22.10,22.65,10400,14.89
25-Jan-02,21.75,22.20,21.70,22.20,10100,14.60
24-Jan-02,22.00,22.10,21.75,21.75,8700,14.30
23-Jan-02,21.80,22.10,21.80,21.95,8600,14.43
22-Jan-02,21.75,21.95,21.50,21.65,7600,14.24
18-Jan-02,21.96,22.00,21.15,21.55,11000,14.17
17-Jan-02,22.85,22.85,21.90,21.99,17400,14.46
16-Jan-02,22.65,22.85,22.60,22.70,32200,14.93
15-Jan-02,22.40,22.80,22.40,22.75,8100,14.96
14-Jan-02,22.45,22.60,22.10,22.50,9900,14.80
11-Jan-02,22.20,22.60,22.20,22.42,11800,14.74
10-Jan-02,22.62,23.00,22.62,22.80,16200,14.67
9-Jan-02,22.75,22.80,22.60,22.60,4100,14.54
8-Jan-02,22.40,22.80,22.40,22.60,9700,14.54
7-Jan-02,22.30,22.48,22.27,22.40,16700,14.41
4-Jan-02,22.00,22.50,22.00,22.26,24400,14.32
3-Jan-02,21.40,21.90,21.25,21.90,7800,14.09
2-Jan-02,20.65,21.30,20.30,21.30,9900,13.70
31-Dec-01,20.55,20.65,20.30,20.64,11900,13.28
28-Dec-01,20.35,20.70,20.35,20.70,5900,13.32
27-Dec-01,20.60,20.65,20.40,20.40,10200,13.13
26-Dec-01,20.50,20.74,20.50,20.65,7400,13.29
24-Dec-01,20.74,20.75,20.60,20.70,3900,13.32
21-Dec-01,20.30,20.74,20.30,20.70,6500,13.32
20-Dec-01,20.35,20.55,19.70,20.35,16300,13.09
19-Dec-01,21.00,21.00,20.40,20.45,12200,13.16
18-Dec-01,20.70,21.10,20.60,21.05,8500,13.54
17-Dec-01,20.69,21.00,20.60,20.75,8200,13.35
14-Dec-01,20.75,21.00,20.52,20.70,14300,13.32
13-Dec-01,21.09,21.10,20.60,20.60,21000,13.25
12-Dec-01,21.05,21.20,20.80,21.05,15700,13.54
11-Dec-01,21.30,21.40,21.05,21.20,8900,13.64
10-Dec-01,21.65,21.79,21.15,21.15,17400,13.61
7-Dec-01,20.95,21.55,20.95,21.55,12100,13.87
6-Dec-01,20.90,21.20,20.65,20.80,9500,13.38
5-Dec-01,20.70,21.00,20.60,20.80,12500,13.38
4-Dec-01,20.75,20.95,20.75,20.77,5400,13.36
3-Dec-01,21.05,21.35,20.60,20.60,21100,13.25
30-Nov-01,21.00,21.39,20.85,21.15,19200,13.61
29-Nov-01,21.25,21.25,20.90,20.90,9300,13.45
28-Nov-01,20.90,21.25,20.90,21.25,8300,13.67
27-Nov-01,20.95,21.40,20.80,21.10,12400,13.58
26-Nov-01,21.65,21.65,20.60,20.85,18500,13.41
23-Nov-01,21.75,21.90,21.50,21.90,2800,14.09
21-Nov-01,21.60,21.95,21.50,21.55,16900,13.87
20-Nov-01,21.25,21.55,20.95,21.55,14800,13.87
19-Nov-01,20.85,21.45,20.85,21.25,26700,13.67
16-Nov-01,20.40,20.95,20.15,20.95,16200,13.48
15-Nov-01,19.94,20.60,19.94,20.25,16600,13.03
14-Nov-01,19.50,19.97,19.50,19.90,27000,12.80
13-Nov-01,19.00,19.50,18.80,19.50,21700,12.55
12-Nov-01,20.45,20.45,18.85,19.00,32000,12.22
9-Nov-01,20.00,20.55,19.85,20.55,13200,13.22
8-Nov-01,20.00,20.00,19.80,20.00,11600,12.87
7-Nov-01,20.20,20.50,20.00,20.15,11800,12.96
6-Nov-01,20.45,20.55,20.15,20.30,8500,13.06
5-Nov-01,19.80,20.30,19.80,20.30,9400,13.06
2-Nov-01,19.90,20.15,19.80,19.90,4000,12.80
1-Nov-01,19.95,20.05,19.60,19.80,6300,12.74
31-Oct-01,19.95,20.15,19.70,19.70,12500,12.68
30-Oct-01,20.00,20.10,19.70,20.03,11700,12.89
29-Oct-01,19.54,20.05,19.50,19.95,9800,12.84
26-Oct-01,18.70,19.50,18.70,19.50,17200,12.55
25-Oct-01,18.95,18.95,18.40,18.80,19300,12.10
24-Oct-01,19.60,19.60,18.90,19.09,14400,12.28
23-Oct-01,19.89,19.94,19.40,19.50,11900,12.55
22-Oct-01,19.79,19.80,19.50,19.79,9500,12.73
19-Oct-01,19.85,19.89,19.50,19.75,8600,12.71
18-Oct-01,20.05,20.05,19.55,19.85,20600,12.77
17-Oct-01,20.70,20.70,19.90,20.15,18900,12.96
16-Oct-01,21.00,21.10,20.50,20.95,12700,13.48
15-Oct-01,20.95,21.30,20.80,21.09,10600,13.57
12-Oct-01,21.55,21.60,20.85,20.85,12500,13.41
11-Oct-01,21.60,21.80,21.15,21.70,29000,13.96
10-Oct-01,22.20,22.50,21.70,22.20,30700,13.97
9-Oct-01,21.95,22.00,21.75,21.80,14000,13.72
8-Oct-01,21.80,22.00,21.10,22.00,25800,13.84
5-Oct-01,21.85,22.30,21.60,21.80,21100,13.72
4-Oct-01,21.20,22.15,21.20,21.80,46600,13.72
3-Oct-01,20.75,21.40,20.75,21.28,20900,13.39
2-Oct-01,20.23,20.80,20.23,20.70,64100,13.02
1-Oct-01,19.55,20.10,19.45,20.00,25500,12.58
28-Sep-01,20.10,20.40,19.40,19.50,29900,12.27
27-Sep-01,19.90,20.15,19.50,20.10,22200,12.65
26-Sep-01,20.35,21.00,19.75,20.00,39100,12.58
25-Sep-01,19.60,20.60,19.60,20.35,29700,12.80
24-Sep-01,18.25,19.45,18.25,19.43,23400,12.22
21-Sep-01,18.05,18.20,17.60,18.15,37200,11.42
20-Sep-01,19.58,19.85,17.90,18.20,88900,11.45
19-Sep-01,21.05,21.15,19.22,19.70,96000,12.39
18-Sep-01,19.75,20.99,19.12,20.88,118200,13.14
17-Sep-01,20.50,20.50,17.85,19.75,112700,12.43
10-Sep-01,24.67,24.89,24.67,24.75,3400,15.57
7-Sep-01,24.89,24.89,24.67,24.80,37400,15.60
6-Sep-01,24.93,24.93,24.77,24.89,8100,15.66
5-Sep-01,24.77,24.93,24.77,24.93,13300,15.68
4-Sep-01,24.75,24.86,24.75,24.81,11300,15.61
31-Aug-01,24.70,24.90,24.70,24.80,9800,15.60
30-Aug-01,24.67,24.95,24.67,24.70,8300,15.54
29-Aug-01,24.93,24.93,24.60,24.77,35900,15.58
28-Aug-01,24.60,24.98,24.60,24.98,5700,15.72
27-Aug-01,25.15,25.19,24.60,24.60,9300,15.48
24-Aug-01,25.00,25.15,24.90,25.15,5500,15.82
23-Aug-01,24.95,25.05,24.95,25.00,6300,15.73
22-Aug-01,25.00,25.08,24.75,24.85,16600,15.63
21-Aug-01,24.90,25.00,24.85,24.96,10300,15.70
20-Aug-01,25.10,25.10,24.61,24.90,12100,15.67
17-Aug-01,24.80,25.11,24.70,25.11,11200,15.80
16-Aug-01,24.80,25.11,24.80,24.85,15100,15.63
15-Aug-01,24.95,25.05,24.82,24.95,8000,15.70
14-Aug-01,25.00,25.11,24.95,24.95,13400,15.70
13-Aug-01,25.19,25.20,24.96,25.00,16400,15.73
10-Aug-01,25.05,25.19,24.99,25.19,9200,15.85
9-Aug-01,25.01,25.20,25.00,25.20,3200,15.85
8-Aug-01,25.25,25.25,25.00,25.05,6100,15.76
7-Aug-01,25.07,25.24,25.01,25.10,9100,15.79
6-Aug-01,24.98,25.07,24.96,25.07,1200,15.77
3-Aug-01,25.00,25.05,24.98,25.00,32000,15.73
2-Aug-01,25.04,25.04,24.90,24.95,3100,15.70
1-Aug-01,25.00,25.05,24.87,25.04,17600,15.75
31-Jul-01,24.98,25.00,24.90,24.90,7100,15.67
30-Jul-01,24.96,25.00,24.83,25.00,8800,15.73
27-Jul-01,24.79,24.98,24.78,24.95,4200,15.70
26-Jul-01,24.83,24.98,24.83,24.87,13400,15.65
25-Jul-01,24.85,24.98,24.77,24.77,7200,15.58
24-Jul-01,24.80,24.95,24.80,24.86,8000,15.64
23-Jul-01,24.84,24.89,24.78,24.87,4600,15.65
20-Jul-01,24.83,24.84,24.75,24.84,9700,15.63
19-Jul-01,24.75,24.84,24.75,24.80,2900,15.60
18-Jul-01,24.83,24.84,24.71,24.71,5500,15.55
17-Jul-01,24.84,24.84,24.74,24.80,10100,15.60
16-Jul-01,24.70,24.85,24.70,24.85,7500,15.63
13-Jul-01,24.75,24.79,24.65,24.78,9000,15.59
12-Jul-01,24.75,24.75,24.75,24.75,4100,15.57
11-Jul-01,24.45,24.80,24.41,24.80,6600,15.60
10-Jul-01,24.93,24.95,24.87,24.94,7500,15.38
9-Jul-01,24.77,24.95,24.77,24.87,4300,15.34
6-Jul-01,24.76,24.93,24.76,24.81,5100,15.30
5-Jul-01,24.71,24.81,24.71,24.81,3200,15.30
3-Jul-01,24.75,24.95,24.70,24.95,6800,15.39
2-Jul-01,24.71,24.80,24.70,24.75,3900,15.26
29-Jun-01,24.91,24.92,24.75,24.89,3600,15.35
28-Jun-01,25.00,25.00,24.90,24.91,5000,15.36
27-Jun-01,25.00,25.00,24.90,25.00,11900,15.42
26-Jun-01,24.97,25.04,24.86,25.04,12300,15.44
25-Jun-01,24.91,24.98,24.81,24.96,5500,15.39
22-Jun-01,24.90,25.05,24.90,24.92,6500,15.37
21-Jun-01,24.89,25.00,24.89,24.90,3600,15.36
20-Jun-01,24.80,24.80,24.72,24.80,7400,15.29
19-Jun-01,24.66,24.80,24.66,24.79,6300,15.29
18-Jun-01,24.63,24.79,24.63,24.63,10200,15.19
15-Jun-01,24.63,24.64,24.51,24.55,15000,15.14
14-Jun-01,24.51,24.64,24.51,24.63,8400,15.19
13-Jun-01,24.40,24.60,24.40,24.60,15900,15.17
12-Jun-01,24.50,24.50,24.36,24.40,40300,15.05
11-Jun-01,24.60,24.70,24.55,24.70,5700,15.23
8-Jun-01,24.75,24.75,24.55,24.60,5600,15.17
7-Jun-01,24.65,24.75,24.60,24.70,6800,15.23
6-Jun-01,24.60,24.77,24.60,24.75,4800,15.26
5-Jun-01,24.55,24.60,24.48,24.55,7900,15.14
4-Jun-01,24.47,24.60,24.45,24.45,6300,15.08
1-Jun-01,24.50,24.60,24.45,24.55,7900,15.14
31-May-01,24.55,24.60,24.50,24.50,6200,15.11
30-May-01,24.50,24.60,24.50,24.60,3500,15.17
29-May-01,24.35,24.60,24.35,24.50,3300,15.11
25-May-01,24.55,24.60,24.38,24.38,9200,15.04
24-May-01,24.80,24.80,24.60,24.60,11400,15.17
23-May-01,24.70,24.85,24.70,24.72,20300,15.25
22-May-01,24.75,24.80,24.70,24.80,4000,15.29
21-May-01,24.71,24.80,24.71,24.71,3800,15.24
18-May-01,24.80,24.80,24.70,24.80,2500,15.29
17-May-01,24.75,24.80,24.70,24.70,11200,15.23
16-May-01,24.60,24.75,24.55,24.75,14900,15.26
15-May-01,24.55,24.75,24.55,24.75,8300,15.26
14-May-01,24.52,24.69,24.52,24.60,18100,15.17
11-May-01,24.61,24.65,24.52,24.65,4300,15.20
10-May-01,24.50,24.61,24.40,24.61,13900,15.18
9-May-01,24.40,24.55,24.35,24.45,7300,15.08
8-May-01,24.15,24.50,24.15,24.30,6900,14.99
7-May-01,24.15,24.30,24.01,24.25,7100,14.96
4-May-01,24.10,24.25,24.00,24.25,6300,14.96
3-May-01,23.96,24.06,23.96,24.06,7300,14.84
2-May-01,24.05,24.15,23.95,24.00,15500,14.80
1-May-01,23.81,24.05,23.80,23.95,21800,14.77
30-Apr-01,23.75,23.95,23.70,23.81,11700,14.68
27-Apr-01,23.70,23.95,23.70,23.95,10800,14.77
26-Apr-01,23.95,24.05,23.75,23.83,16900,14.70
25-Apr-01,23.95,24.00,23.70,23.95,14200,14.77
24-Apr-01,24.01,24.20,23.90,23.91,23500,14.75
23-Apr-01,24.25,24.26,24.15,24.15,7400,14.89
20-Apr-01,24.40,24.55,24.25,24.35,21700,15.02
19-Apr-01,24.60,24.61,24.40,24.50,22500,15.11
18-Apr-01,24.30,24.65,24.30,24.65,19300,15.20
17-Apr-01,24.40,24.50,24.35,24.37,9900,15.03
16-Apr-01,24.55,24.58,24.35,24.45,27900,15.08
12-Apr-01,24.60,24.60,24.45,24.50,6300,15.11
11-Apr-01,24.50,24.70,24.50,24.70,10500,15.23
10-Apr-01,24.70,24.85,24.50,24.70,15700,15.23
9-Apr-01,24.90,25.00,24.90,24.95,7800,15.08
6-Apr-01,25.00,25.00,24.85,24.90,4500,15.05
5-Apr-01,24.80,25.00,24.80,24.95,8400,15.08
4-Apr-01,24.95,25.00,24.75,24.85,16800,15.02
3-Apr-01,24.80,24.95,24.77,24.95,5200,15.08
2-Apr-01,24.70,24.95,24.70,24.75,7900,14.96
30-Mar-01,24.70,24.75,24.70,24.70,3500,14.93
29-Mar-01,24.65,24.75,24.60,24.65,6300,14.90
28-Mar-01,24.40,24.60,24.40,24.60,8300,14.87
27-Mar-01,24.60,24.70,24.50,24.65,18000,14.90
26-Mar-01,24.50,24.60,24.50,24.52,8100,14.82
23-Mar-01,24.50,24.65,24.40,24.50,10900,14.81
22-Mar-01,24.45,24.60,24.45,24.45,11900,14.78
21-Mar-01,24.45,24.58,24.45,24.50,10000,14.81
20-Mar-01,24.50,24.60,24.45,24.50,19500,14.81
19-Mar-01,24.25,24.47,24.20,24.42,6200,14.76
16-Mar-01,24.00,24.25,24.00,24.20,14100,14.63
15-Mar-01,24.18,24.18,24.05,24.15,9900,14.60
14-Mar-01,24.20,24.20,24.12,24.19,19000,14.62
13-Mar-01,24.26,24.40,24.15,24.15,17900,14.60
12-Mar-01,24.55,24.55,24.35,24.35,13900,14.72
9-Mar-01,24.50,24.51,24.50,24.51,2900,14.82
8-Mar-01,24.55,24.55,24.50,24.54,19500,14.84
7-Mar-01,24.65,24.65,24.51,24.55,4900,14.84
6-Mar-01,24.65,24.70,24.55,24.55,7500,14.84
5-Mar-01,24.75,24.80,24.65,24.70,8900,14.93
2-Mar-01,24.79,24.90,24.70,24.90,7200,15.05
1-Mar-01,24.70,24.80,24.70,24.75,4700,14.96
28-Feb-01,24.67,24.85,24.67,24.85,6800,15.02
27-Feb-01,24.60,24.80,24.50,24.70,13700,14.93
26-Feb-01,24.45,24.60,24.40,24.55,13100,14.84
23-Feb-01,24.45,24.55,24.36,24.50,14300,14.81
22-Feb-01,24.54,24.70,24.40,24.47,15500,14.79
21-Feb-01,24.50,24.70,24.36,24.70,36900,14.93
20-Feb-01,24.45,24.50,24.25,24.50,22700,14.81
16-Feb-01,24.35,24.50,24.35,24.45,22100,14.78
15-Feb-01,24.55,24.65,24.35,24.55,14700,14.84
14-Feb-01,24.55,24.72,24.52,24.52,19400,14.82
13-Feb-01,24.54,24.72,24.50,24.60,13600,14.87
12-Feb-01,24.61,24.61,24.51,24.60,11400,14.87
9-Feb-01,24.61,24.61,24.60,24.61,2700,14.88
8-Feb-01,24.54,24.61,24.40,24.51,14500,14.82
7-Feb-01,24.40,24.54,24.40,24.54,5000,14.84
6-Feb-01,24.65,24.65,24.35,24.40,28900,14.75
5-Feb-01,24.55,24.70,24.55,24.64,6800,14.90
2-Feb-01,24.45,24.60,24.42,24.55,3600,14.84
1-Feb-01,24.50,24.70,24.42,24.42,25500,14.76
31-Jan-01,24.65,24.70,24.50,24.51,12200,14.82
30-Jan-01,24.75,24.75,24.50,24.65,9700,14.90
29-Jan-01,24.49,24.75,24.30,24.65,13700,14.90
26-Jan-01,24.25,24.44,24.25,24.38,12500,14.74
25-Jan-01,24.00,24.12,24.00,24.12,12700,14.59
24-Jan-01,23.81,24.06,23.75,23.94,21100,14.47
23-Jan-01,23.81,23.88,23.69,23.69,18500,14.32
22-Jan-01,23.62,23.75,23.62,23.75,4900,14.36
19-Jan-01,23.75,23.75,23.56,23.56,14300,14.25
18-Jan-01,23.62,23.88,23.56,23.75,13300,14.36
17-Jan-01,23.50,23.62,23.44,23.44,9100,14.17
16-Jan-01,23.62,23.75,23.50,23.50,7100,14.21
12-Jan-01,23.62,23.81,23.50,23.75,11900,14.36
11-Jan-01,23.31,23.62,23.31,23.62,10000,14.28
10-Jan-01,23.25,23.50,23.00,23.38,23600,14.13
9-Jan-01,23.56,23.75,23.00,23.75,31300,14.06
8-Jan-01,24.38,24.44,23.56,23.75,26200,14.06
5-Jan-01,24.50,24.56,24.38,24.50,7600,14.51
4-Jan-01,24.00,24.56,24.00,24.56,6500,14.54
3-Jan-01,23.56,24.00,23.56,24.00,11500,14.21
2-Jan-01,23.50,23.62,23.38,23.50,9900,13.91
29-Dec-00,23.50,23.50,23.31,23.44,10300,13.88
28-Dec-00,23.19,23.50,23.19,23.38,9600,13.84
27-Dec-00,23.31,23.31,23.25,23.25,600,13.77
26-Dec-00,23.12,23.31,23.12,23.31,12400,13.80
22-Dec-00,23.88,24.12,23.62,23.62,6000,13.99
21-Dec-00,23.94,24.19,23.81,24.00,7400,14.21
20-Dec-00,24.25,24.25,24.00,24.00,4900,14.21
19-Dec-00,24.00,24.31,24.00,24.12,5000,14.28
18-Dec-00,24.12,24.12,23.94,23.94,6500,14.17
15-Dec-00,23.94,24.25,23.94,24.06,8700,14.25
14-Dec-00,24.25,24.25,23.94,24.06,11500,14.25
13-Dec-00,23.88,24.25,23.69,24.00,9600,14.21
12-Dec-00,23.62,24.25,23.62,24.25,11700,14.36
11-Dec-00,23.69,23.88,23.62,23.88,16200,14.14
8-Dec-00,23.75,23.94,23.62,23.75,7000,14.06
7-Dec-00,23.50,23.69,23.44,23.62,5600,13.99
6-Dec-00,23.38,23.62,23.38,23.50,18400,13.91
5-Dec-00,23.50,23.62,23.44,23.62,11500,13.99
4-Dec-00,23.50,23.50,23.38,23.44,7100,13.88
1-Dec-00,23.25,23.50,23.25,23.50,5500,13.91
30-Nov-00,23.50,23.50,23.12,23.38,18500,13.84
29-Nov-00,23.12,23.50,23.12,23.44,10400,13.88
28-Nov-00,22.75,23.25,22.75,23.19,14000,13.73
27-Nov-00,22.69,22.94,22.62,22.81,16800,13.51
24-Nov-00,22.69,22.81,22.62,22.62,2300,13.40
22-Nov-00,22.88,22.94,22.69,22.75,13500,13.47
21-Nov-00,23.00,23.00,22.75,22.88,12800,13.54
20-Nov-00,22.94,23.00,22.81,22.94,7800,13.58
17-Nov-00,23.00,23.00,22.81,23.00,10300,13.62
16-Nov-00,23.00,23.00,22.94,23.00,3200,13.62
15-Nov-00,23.06,23.06,22.88,23.00,7500,13.62
14-Nov-00,23.00,23.06,22.88,23.06,12700,13.65
13-Nov-00,23.12,23.12,22.94,23.12,2500,13.69
10-Nov-00,23.12,23.12,23.11,23.12,21300,13.69
9-Nov-00,23.00,23.12,23.00,23.05,16600,13.64
8-Nov-00,22.94,23.12,22.94,22.94,6000,13.58
7-Nov-00,23.06,23.12,22.88,23.00,3800,13.62
6-Nov-00,22.88,23.00,22.88,22.88,4100,13.54
3-Nov-00,22.88,23.00,22.88,23.00,3700,13.62
2-Nov-00,23.38,23.38,22.88,22.94,9200,13.58
1-Nov-00,23.19,23.44,23.19,23.25,6600,13.77
31-Oct-00,23.06,23.38,23.06,23.38,9900,13.84
30-Oct-00,22.81,23.50,22.81,23.31,4600,13.80
27-Oct-00,22.94,22.94,22.88,22.88,1200,13.54
26-Oct-00,22.44,22.88,22.44,22.86,10100,13.53
25-Oct-00,22.69,22.69,22.44,22.44,4900,13.28
24-Oct-00,22.50,22.62,22.31,22.56,2700,13.36
23-Oct-00,22.50,22.62,22.44,22.56,9900,13.36
20-Oct-00,22.44,22.62,22.44,22.62,1300,13.40
19-Oct-00,22.31,22.44,22.31,22.44,900,13.28
18-Oct-00,22.44,22.44,22.12,22.38,4600,13.25
17-Oct-00,22.44,22.44,22.31,22.31,4300,13.21
16-Oct-00,22.69,22.81,22.50,22.81,8700,13.51
13-Oct-00,23.00,23.00,22.56,22.81,5000,13.51
12-Oct-00,23.00,23.19,22.88,22.88,6700,13.54
11-Oct-00,22.62,22.88,22.62,22.88,2300,13.54
10-Oct-00,23.56,23.62,23.25,23.25,10100,13.47
9-Oct-00,23.44,23.56,23.44,23.56,1700,13.65
6-Oct-00,23.44,23.62,23.44,23.62,1400,13.69
5-Oct-00,23.50,23.62,23.50,23.50,6200,13.62
4-Oct-00,23.56,23.69,23.50,23.56,4600,13.65
3-Oct-00,23.38,23.62,23.38,23.62,18300,13.69
2-Oct-00,23.50,23.62,23.44,23.44,7500,13.58
29-Sep-00,23.44,23.56,23.44,23.44,2800,13.58
28-Sep-00,23.38,23.50,23.38,23.50,2700,13.62
27-Sep-00,23.38,23.50,23.25,23.25,22000,13.47
26-Sep-00,23.25,23.38,23.12,23.25,11300,13.47
25-Sep-00,23.12,23.50,23.12,23.38,12300,13.55
22-Sep-00,23.06,23.25,23.00,23.25,24700,13.47
21-Sep-00,23.06,23.25,23.06,23.19,6600,13.44
20-Sep-00,23.00,23.25,23.00,23.12,11500,13.40
19-Sep-00,23.12,23.12,22.88,22.94,1900,13.29
18-Sep-00,23.19,23.25,23.00,23.06,6400,13.37
15-Sep-00,23.81,23.81,23.44,23.44,6700,13.58
14-Sep-00,23.62,23.88,23.62,23.69,5900,13.73
13-Sep-00,23.50,23.75,23.50,23.75,7100,13.76
12-Sep-00,23.44,23.62,23.31,23.62,9600,13.69
11-Sep-00,23.38,23.69,23.38,23.69,7100,13.73
8-Sep-00,23.50,23.50,23.38,23.38,5500,13.55
7-Sep-00,23.50,23.50,23.25,23.38,11000,13.55
6-Sep-00,23.25,23.50,23.25,23.38,16100,13.55
5-Sep-00,23.06,23.25,23.00,23.25,11700,13.47
1-Sep-00,23.00,23.19,23.00,23.19,10100,13.44
31-Aug-00,23.00,23.12,22.88,23.00,11700,13.33
30-Aug-00,22.94,22.94,22.81,22.94,16100,13.29
25-Aug-00,22.75,23.00,22.62,22.94,15800,13.29
24-Aug-00,22.56,22.75,22.50,22.62,11100,13.11
23-Aug-00,22.31,22.81,22.31,22.81,6400,13.22
22-Aug-00,22.66,22.69,22.38,22.56,9100,13.08
21-Aug-00,22.75,22.88,22.62,22.75,13000,13.18
18-Aug-00,23.25,23.44,22.75,22.83,29700,13.23
17-Aug-00,22.38,23.31,22.38,23.25,27200,13.47
16-Aug-00,22.12,22.50,22.12,22.50,4400,13.04
15-Aug-00,22.00,22.19,21.88,22.12,10700,12.82
14-Aug-00,21.88,22.06,21.88,22.00,3500,12.75
11-Aug-00,21.62,22.00,21.62,22.00,6400,12.75
10-Aug-00,21.38,21.50,21.38,21.50,4800,12.46
9-Aug-00,21.69,21.94,21.44,21.44,6200,12.42
8-Aug-00,21.69,22.12,21.69,21.81,3300,12.64
7-Aug-00,21.75,21.94,21.56,21.81,5000,12.64
4-Aug-00,21.62,21.75,21.50,21.62,4000,12.53
3-Aug-00,21.81,21.81,21.56,21.75,7100,12.60
2-Aug-00,22.00,22.12,21.81,22.00,5200,12.75
1-Aug-00,22.19,22.31,21.94,22.00,11200,12.75
31-Jul-00,22.56,22.56,22.19,22.19,3900,12.86
28-Jul-00,22.56,22.69,22.50,22.50,1700,13.04
27-Jul-00,22.25,22.50,22.25,22.50,500,13.04
26-Jul-00,22.38,22.56,22.25,22.25,16100,12.89
25-Jul-00,22.44,22.62,22.38,22.38,4600,12.97
24-Jul-00,22.44,22.56,22.25,22.56,23400,13.08
21-Jul-00,22.56,22.56,22.25,22.25,5700,12.89
20-Jul-00,22.25,22.44,22.25,22.38,13000,12.97
19-Jul-00,22.12,22.25,21.94,22.19,6700,12.86
18-Jul-00,21.94,22.19,21.94,22.12,12100,12.82
17-Jul-00,22.12,22.31,22.06,22.06,7700,12.79
14-Jul-00,21.62,22.19,21.62,22.12,9000,12.82
13-Jul-00,21.56,21.75,21.50,21.75,4600,12.60
12-Jul-00,21.31,21.50,21.31,21.44,10200,12.42
11-Jul-00,21.88,22.00,21.75,22.00,12700,12.46
10-Jul-00,21.88,21.94,21.81,21.81,4700,12.36
7-Jul-00,22.12,22.19,21.81,22.00,7700,12.46
6-Jul-00,22.00,22.25,22.00,22.25,3400,12.61
5-Jul-00,22.31,22.31,22.12,22.12,33500,12.54
3-Jul-00,22.19,22.25,22.19,22.25,1800,12.61
30-Jun-00,21.88,22.12,21.88,22.12,3300,12.54
29-Jun-00,22.00,22.06,21.75,21.86,6500,12.38
28-Jun-00,22.00,22.25,22.00,22.25,2300,12.61
27-Jun-00,22.25,22.31,22.00,22.19,7900,12.57
26-Jun-00,22.31,22.50,22.31,22.38,8000,12.68
23-Jun-00,22.19,22.31,22.00,22.25,12200,12.61
22-Jun-00,21.94,22.25,21.94,22.25,7700,12.61
21-Jun-00,22.19,22.19,22.06,22.09,8700,12.52
20-Jun-00,22.38,22.38,22.19,22.31,3700,12.64
19-Jun-00,22.56,22.56,22.31,22.31,2100,12.64
16-Jun-00,22.62,22.62,22.50,22.53,4500,12.77
15-Jun-00,22.81,22.81,22.50,22.50,9000,12.75
14-Jun-00,22.69,23.00,22.50,22.69,10300,12.85
13-Jun-00,22.25,22.81,22.00,22.62,47600,12.82
12-Jun-00,22.25,22.38,22.06,22.06,13100,12.50
8-Jun-00,22.06,22.06,21.62,22.00,14700,12.46
7-Jun-00,21.94,22.06,21.88,22.06,8900,12.50
6-Jun-00,22.00,22.12,21.81,22.12,17400,12.54
5-Jun-00,21.62,22.00,21.62,21.81,10600,12.36
1-Jun-00,21.19,21.38,21.19,21.38,9600,12.11
31-May-00,21.31,21.38,21.19,21.31,9800,12.07
30-May-00,21.19,21.44,21.19,21.31,11100,12.07
26-May-00,21.31,21.31,21.19,21.25,2600,12.04
25-May-00,20.94,21.38,20.94,21.19,18000,12.00
24-May-00,20.94,21.19,20.81,21.19,19000,12.00
23-May-00,20.87,20.94,20.73,20.87,16300,11.83
22-May-00,20.56,20.87,20.56,20.69,12700,11.72
19-May-00,20.69,20.81,20.62,20.62,5200,11.69
18-May-00,20.56,20.87,20.44,20.56,10200,11.65
17-May-00,20.75,20.87,20.50,20.62,12700,11.69
16-May-00,21.00,21.06,20.69,20.87,7200,11.83
15-May-00,21.19,21.25,20.87,21.00,25300,11.90
12-May-00,21.00,21.00,20.87,20.94,7500,11.86
11-May-00,21.03,21.03,20.87,20.94,15100,11.86
10-May-00,21.25,21.38,20.87,21.06,14100,11.93
9-May-00,21.13,21.38,21.06,21.38,7200,12.11
8-May-00,21.25,21.25,21.13,21.13,9200,11.97
5-May-00,21.38,21.50,21.13,21.13,6300,11.97
4-May-00,21.25,21.44,21.19,21.25,9500,12.04
3-May-00,21.25,21.38,21.25,21.31,8300,12.07
2-May-00,21.25,21.38,21.19,21.38,6900,12.11
1-May-00,21.13,21.25,21.13,21.25,4400,12.04
28-Apr-00,21.19,21.38,21.19,21.38,2100,12.11
27-Apr-00,21.13,21.25,21.13,21.25,5000,12.04
26-Apr-00,21.31,21.38,21.06,21.13,4200,11.97
25-Apr-00,21.31,21.31,21.13,21.13,10500,11.97
24-Apr-00,21.50,21.50,21.25,21.36,10300,12.10
20-Apr-00,21.62,21.62,21.38,21.50,6100,12.18
19-Apr-00,21.19,21.62,21.06,21.62,9400,12.25
18-Apr-00,21.13,21.25,21.06,21.25,15800,12.04
17-Apr-00,21.13,21.31,21.00,21.00,14000,11.90
14-Apr-00,21.13,21.13,21.00,21.00,5700,11.90
13-Apr-00,20.87,21.25,20.87,21.25,5100,12.04
12-Apr-00,21.44,21.62,21.00,21.00,10100,11.90
11-Apr-00,21.50,21.94,21.06,21.88,28300,12.12
10-Apr-00,21.31,21.50,21.31,21.50,11600,11.91
7-Apr-00,21.31,21.44,21.25,21.44,10700,11.87
6-Apr-00,21.44,21.44,21.19,21.31,5500,11.80
5-Apr-00,21.44,21.44,20.75,21.38,18800,11.84
4-Apr-00,21.38,21.62,21.38,21.50,7300,11.91
3-Apr-00,21.69,21.69,21.38,21.38,6100,11.84
31-Mar-00,21.56,21.62,21.31,21.62,3400,11.98
30-Mar-00,21.62,21.62,21.38,21.38,7100,11.84
29-Mar-00,21.56,21.69,21.50,21.62,5000,11.98
28-Mar-00,21.62,21.75,21.56,21.56,15600,11.94
27-Mar-00,21.81,21.81,21.62,21.62,5500,11.98
24-Mar-00,21.81,21.81,21.44,21.56,8200,11.94
23-Mar-00,21.25,21.69,21.25,21.62,10600,11.98
22-Mar-00,21.19,21.38,21.06,21.25,14500,11.77
21-Mar-00,20.94,21.25,20.94,21.19,14900,11.74
20-Mar-00,21.00,21.25,20.50,20.69,11000,11.46
17-Mar-00,20.62,21.00,20.62,21.00,7600,11.63
16-Mar-00,20.50,20.87,20.25,20.75,13700,11.49
15-Mar-00,20.12,20.62,20.06,20.31,7700,11.25
14-Mar-00,20.00,20.06,20.00,20.00,6200,11.08
13-Mar-00,20.38,20.38,20.12,20.12,3700,11.15
10-Mar-00,20.00,20.75,19.88,20.38,14300,11.29
9-Mar-00,20.00,20.06,19.75,19.81,4700,10.97
8-Mar-00,20.19,20.31,19.94,19.94,8700,11.04
7-Mar-00,20.31,20.87,20.31,20.38,13700,11.29
6-Mar-00,20.38,20.56,20.31,20.31,7000,11.25
3-Mar-00,20.19,20.50,20.19,20.50,36700,11.35
2-Mar-00,20.25,20.38,20.12,20.25,6800,11.22
1-Mar-00,20.25,20.44,20.12,20.31,22500,11.25
29-Feb-00,20.44,20.50,20.25,20.38,30700,11.29
28-Feb-00,20.50,20.62,20.44,20.44,7500,11.32
25-Feb-00,20.62,20.69,20.38,20.69,6300,11.46
24-Feb-00,20.69,20.75,20.50,20.69,17800,11.46
22-Feb-00,20.87,21.00,20.62,20.87,9100,11.56
18-Feb-00,20.81,21.00,20.81,21.00,14300,11.63
17-Feb-00,21.19,21.19,20.62,20.87,17000,11.56
16-Feb-00,21.19,21.44,21.00,21.06,50600,11.67
15-Feb-00,21.44,21.44,20.87,21.19,9000,11.74
14-Feb-00,21.50,21.50,21.25,21.50,7500,11.91
11-Feb-00,21.56,21.75,21.50,21.50,6400,11.91
10-Feb-00,21.81,21.88,21.56,21.56,9800,11.94
9-Feb-00,21.81,21.94,21.75,21.88,99700,12.12
8-Feb-00,21.81,21.88,21.75,21.88,7100,12.12
7-Feb-00,21.81,22.00,21.69,21.94,9000,12.15
4-Feb-00,21.94,21.94,21.75,21.88,7200,12.12
3-Feb-00,21.56,22.00,21.44,21.94,52500,12.15
2-Feb-00,21.31,21.75,21.31,21.75,16700,12.05
1-Feb-00,21.44,21.44,21.19,21.44,23800,11.87
31-Jan-00,21.38,21.44,21.19,21.44,5700,11.87
28-Jan-00,21.44,21.56,21.19,21.42,13100,11.86
27-Jan-00,21.00,21.31,21.00,21.25,13300,11.77
26-Jan-00,20.87,21.00,20.75,21.00,14100,11.63
25-Jan-00,21.00,21.00,20.75,20.87,11300,11.56
24-Jan-00,20.87,21.13,20.87,21.00,12100,11.63
21-Jan-00,21.00,21.06,20.69,21.00,21300,11.63
20-Jan-00,21.00,21.13,20.81,20.94,13300,11.60
19-Jan-00,20.75,21.19,20.75,20.87,23200,11.56
18-Jan-00,21.13,21.19,20.62,20.62,35900,11.42
14-Jan-00,21.06,21.31,21.00,21.19,25600,11.74
13-Jan-00,21.00,21.19,20.94,21.19,5200,11.74
12-Jan-00,20.81,21.00,20.75,20.94,11000,11.60
11-Jan-00,20.76,21.01,20.64,20.89,22500,11.30
10-Jan-00,20.89,20.89,20.70,20.76,5100,11.23
7-Jan-00,20.40,20.76,20.40,20.76,3100,11.23
6-Jan-00,20.27,20.52,20.27,20.52,7100,11.10
5-Jan-00,20.15,20.34,20.03,20.34,28900,11.00
4-Jan-00,20.21,20.27,19.97,20.27,37800,10.97
3-Jan-00,20.21,20.40,19.74,20.06,20600,10.85
31-Dec-99,19.79,20.40,19.66,20.09,32700,10.87
30-Dec-99,19.66,19.97,19.54,19.72,25100,10.67
29-Dec-99,19.54,19.66,19.42,19.42,33900,10.50
28-Dec-99,19.36,19.79,19.11,19.48,61400,10.54
27-Dec-99,20.27,20.27,19.30,19.36,23900,10.47
23-Dec-99,20.03,20.40,20.03,20.34,11000,11.00
22-Dec-99,20.52,20.64,20.15,20.15,14600,10.90
21-Dec-99,20.64,20.89,20.52,20.64,14200,11.16
20-Dec-99,20.95,20.95,20.64,20.89,29100,11.30
17-Dec-99,20.58,21.13,20.58,21.07,16900,11.40
16-Dec-99,20.27,21.25,20.27,20.64,49600,11.16
15-Dec-99,20.21,20.64,20.21,20.40,29000,11.03
14-Dec-99,20.89,21.01,20.21,20.21,23900,10.93
13-Dec-99,20.64,20.89,20.64,20.64,8700,11.16
10-Dec-99,21.13,21.31,20.70,20.76,18500,11.23
9-Dec-99,21.07,21.25,20.82,21.01,25900,11.36
8-Dec-99,21.25,21.25,21.01,21.25,27400,11.49
7-Dec-99,21.31,21.50,21.25,21.37,18300,11.56
6-Dec-99,21.50,21.68,20.58,21.43,21300,11.59
3-Dec-99,21.37,21.68,21.37,21.56,14600,11.66
2-Dec-99,21.13,21.62,21.13,21.62,43000,11.69
1-Dec-99,21.01,21.43,20.89,21.25,17300,11.49
30-Nov-99,20.82,21.13,20.82,21.07,24100,11.40
29-Nov-99,21.56,21.56,20.76,20.89,39400,11.30
26-Nov-99,21.74,21.74,21.62,21.62,1500,11.69
24-Nov-99,21.86,21.86,21.50,21.74,9300,11.76
23-Nov-99,22.35,22.35,21.86,21.86,17700,11.82
22-Nov-99,22.78,22.78,22.35,22.41,12500,12.12
19-Nov-99,22.59,22.78,22.47,22.72,13400,12.29
18-Nov-99,22.90,22.96,22.47,22.47,17000,12.15
17-Nov-99,22.90,23.02,22.84,22.96,12700,12.42
16-Nov-99,22.84,22.96,22.78,22.96,28600,12.42
15-Nov-99,23.08,23.08,22.78,22.90,23000,12.39
12-Nov-99,22.84,23.02,22.84,23.02,19200,12.45
11-Nov-99,22.84,22.96,22.78,22.96,32400,12.42
10-Nov-99,23.08,23.08,22.72,22.84,54500,12.35
9-Nov-99,22.72,23.08,22.72,22.90,12600,12.39
8-Nov-99,22.47,22.90,22.47,22.72,20000,12.29
5-Nov-99,22.72,23.14,22.59,22.96,17000,12.42
4-Nov-99,22.53,22.72,22.52,22.72,20000,12.29
3-Nov-99,22.47,22.66,22.47,22.53,46500,12.19
2-Nov-99,22.47,22.59,22.41,22.41,19500,12.12
1-Nov-99,22.47,22.47,22.35,22.47,33800,12.15
29-Oct-99,22.17,22.35,22.17,22.35,61700,12.09
28-Oct-99,22.11,22.35,22.11,22.17,13900,11.99
27-Oct-99,22.05,22.11,21.98,22.05,9700,11.92
26-Oct-99,22.11,22.11,21.92,22.05,34900,11.92
25-Oct-99,21.98,22.17,21.92,22.11,30600,11.96
22-Oct-99,21.98,21.98,21.92,21.98,24800,11.89
21-Oct-99,22.11,22.11,21.86,21.92,12000,11.86
20-Oct-99,22.34,22.34,21.80,21.80,12000,11.79
19-Oct-99,22.35,22.35,22.11,22.35,98100,12.09
18-Oct-99,22.41,22.47,22.11,22.29,8700,12.06
15-Oct-99,22.35,22.35,22.29,22.35,31200,12.09
14-Oct-99,22.23,22.35,22.11,22.35,19700,12.09
13-Oct-99,22.23,22.35,22.11,22.35,41400,12.09
12-Oct-99,22.24,22.24,22.06,22.18,28500,11.73
11-Oct-99,22.28,22.35,22.18,22.28,12400,11.78
8-Oct-99,22.29,22.29,22.24,22.29,17400,11.79
7-Oct-99,22.12,22.41,22.12,22.28,7800,11.78
6-Oct-99,22.15,22.15,22.00,22.15,16600,11.71
5-Oct-99,22.18,22.18,21.94,22.18,23100,11.73
4-Oct-99,22.41,22.41,22.29,22.29,7100,11.79
1-Oct-99,22.24,22.29,22.24,22.24,5800,11.76
30-Sep-99,22.00,22.35,21.82,22.35,111200,11.82
29-Sep-99,22.35,22.35,22.00,22.00,23200,11.63
28-Sep-99,22.29,22.47,22.29,22.41,4100,11.85
27-Sep-99,22.29,22.47,22.24,22.47,7500,11.89
24-Sep-99,22.29,22.41,22.29,22.41,3200,11.85
23-Sep-99,22.59,23.55,22.29,22.29,5200,11.79
22-Sep-99,22.47,22.65,22.35,22.59,6100,11.95
21-Sep-99,22.58,22.71,22.58,22.59,11900,11.95
20-Sep-99,22.59,22.59,22.58,22.58,7500,11.94
17-Sep-99,22.65,22.83,22.47,22.47,6200,11.89
16-Sep-99,22.83,22.95,22.53,22.59,15300,11.95
15-Sep-99,22.83,22.89,22.65,22.89,10200,12.11
14-Sep-99,22.71,22.83,22.59,22.83,5500,12.08
13-Sep-99,23.01,23.01,22.71,22.71,10900,12.01
10-Sep-99,23.07,23.07,23.07,23.07,4900,12.20
9-Sep-99,23.07,23.07,23.01,23.01,11100,12.17
8-Sep-99,23.13,23.13,23.13,23.13,7400,12.23
7-Sep-99,23.01,23.19,23.01,23.07,7800,12.20
3-Sep-99,23.19,23.19,23.07,23.13,7000,12.23
2-Sep-99,23.07,23.13,23.01,23.13,6300,12.23
1-Sep-99,23.19,23.19,23.01,23.19,21300,12.27
31-Aug-99,23.07,23.19,23.07,23.19,7200,12.27
30-Aug-99,23.13,23.25,23.07,23.19,32200,12.27
27-Aug-99,23.13,23.19,23.07,23.13,32800,12.23
26-Aug-99,23.19,23.19,23.01,23.13,18300,12.23
25-Aug-99,22.83,23.19,22.83,23.13,25600,12.23
24-Aug-99,23.07,23.07,22.83,23.07,16100,12.20
23-Aug-99,23.07,23.07,22.95,23.07,11300,12.20
20-Aug-99,23.01,23.19,22.95,23.07,6700,12.20
19-Aug-99,23.07,23.07,22.89,23.01,18300,12.17
18-Aug-99,22.95,23.07,22.89,22.95,8300,12.14
17-Aug-99,23.01,23.13,22.95,23.10,71200,12.22
16-Aug-99,22.95,23.13,22.95,23.01,33000,12.17
13-Aug-99,22.89,22.95,22.83,22.95,25500,12.14
12-Aug-99,22.83,22.83,22.70,22.83,25500,12.08
